SizeRank,RegionID,RegionName,RegionType,2010-01,2010-02,2010-03,2010-04,2010-05,2010-06,2010-07,2010-08,2010-09,2010-10,2010-11,2010-12,2011-01,2011-02,2011-03,2011-04,2011-05,2011-06,2011-07,2011-08,2011-09,2011-10,2011-11,2011-12,2012-01,2012-02,2012-03,2012-04,2012-05,2012-06,2012-07,2012-08,2012-09,2012-10,2012-11,2012-12,2013-01,2013-02,2013-03,2013-04,2013-05,2013-06,2013-07,2013-08,2013-09,2013-10,2013-11,2013-12,2014-01,2014-02,2014-03,2014-04,2014-05,2014-06,2014-07,2014-08,2014-09,2014-10,2014-11,2014-12,2015-01,2015-02,2015-03,2015-04,2015-05,2015-06,2015-07,2015-08,2015-09,2015-10,2015-11,2015-12,2016-01,2016-02,2016-03,2016-04,2016-05,2016-06,2016-07,2016-08,2016-09,2016-10,2016-11,2016-12,2017-01,2017-02,2017-03,2017-04,2017-05,2017-06,2017-07,2017-08,2017-09,2017-10,2017-11,2017-12,2018-01,2018-02,2018-03,2018-04,2018-05,2018-06,2018-07,2018-08,2018-09,2018-10,2018-11,2018-12,2019-01,2019-02
1,9,California,State,0.9682911257714407,0.9663881788036619,0.968421052631579,0.9681818181818181,0.9707724425887265,0.9692307692307692,0.9692307692307692,0.9637594353919205,0.9580742866252192,0.9538152610441767,0.9486029665401863,0.9433805026205275,0.9418837675350702,0.9393939393939394,0.9439899307740718,0.9470672389127325,0.9516091687890715,0.9538648244958925,0.9533354518565597,0.9528346831824679,0.9512195121951219,0.9506641366223909,0.95,0.9503807617673197,0.9510461507658424,0.9534883720930233,0.9605648043976702,0.9679572763684913,0.9770483905692705,0.9813789632611978,0.9844097995545658,0.9861325115562404,0.9861111111111112,0.9883720930232558,0.9905094636375431,0.9914712153518124,0.9987085665088248,1,1,1,1.0003334444814937,1.0005027652086476,1.0002273243919073,1,1,0.9925558312655087,0.9849315068493151,0.9802450612653163,0.9772727272727273,0.9823529411764705,0.9866666666666667,0.98989898989899,0.9902476567095071,0.9894736842105263,0.9870967741935484,0.9826175869120655,0.9787234042553191,0.9761904761904762,0.9737661182747888,0.9710545564018529,0.9698492462311558,0.9763313609467456,0.984188447886415,0.989247311827957,0.993103448275862,0.9931662870159453,0.9907974594213127,0.989247311827957,0.9873645633017138,0.9836065573770492,0.9809523809523809,0.9799789251844047,0.9784283513097073,0.9826492223033297,0.9896661367249603,0.9944852754827919,0.9987584494413022,0.9976133651551312,0.9940387348969439,0.9899888765294772,0.9864188706218727,0.9846153846153847,0.9828571428571429,0.9806451612903225,0.980327868852459,0.9855502037791775,0.9928469241773963,1,1,1,1,1,0.9925116822429907,0.9915502672874633,0.9904879821401644,0.9873417721518988,0.9865716634694437,0.994,1,1,1,1,0.99732120183335915,0.9901960784313726,0.9846153846153847,0.9799666110183639,0.975,0.9699624530663329,0.9685230024213075,0.9752321981424149
2,54,Texas,State,0.9643421052631579,0.9607924381716949,0.9725464788813792,0.9746762589928057,0.9782129032258065,0.972635041957335,0.9625430618835079,0.9583083333333333,0.959134155597723,0.9522164566345441,0.943518090839107,0.9401826086956522,0.9321305814661883,0.9412060924369747,0.9483777239709443,0.9544531808434596,0.9556546598056032,0.9526447462473195,0.948509485094851,0.9487839478592294,0.9510822831727206,0.9452614015572859,0.9415142857142857,0.9474408602150538,0.9492063492063492,0.9581564584596726,0.9591836734693877,0.9660117647058823,0.9680585365853659,0.9724914753353034,0.9720329818869965,0.9719585418155826,0.9735353535353536,0.9648780487804878,0.9641204438387625,0.9657302798982188,0.9660354118552733,0.9653154895696257,0.9716727272727272,0.9737496506376782,0.9755665889845619,0.9746689655172414,0.9728468033775634,0.9696969696969697,0.97171875,0.9671181818181818,0.9610091324200913,0.9630563548034301,0.9591670069416088,0.9621638524077548,0.9654054054054054,0.9721172413793103,0.9762450331125828,0.9790131124913733,0.9767441860465116,0.9745641611889111,0.9710990990990991,0.963620320855615,0.9619238476953907,0.9691047227926078,0.9698223684210526,0.9732425940752603,0.9774906210921217,0.9798309761986892,0.9859109758477076,0.9974484239888424,0.9813486370157819,0.9792208333333333,0.9755523161645611,0.9697933227344993,0.9705843828715365,0.9636473187387026,0.967741935483871,0.9701492537313433,0.9774436090225563,0.9821591836734694,0.9834848484848485,0.9837962962962963,0.9829449529832737,0.98,0.9743589743589743,0.9711191335740073,0.9664702086470208,0.9671281900850689,0.9671587318880053,0.9698996655518395,0.9738684210526316,0.9772486772486773,0.9804521739130435,0.9794117647058823,0.9791400595998297,0.9744247787610619,0.9691538140892039,0.9682338530066815,0.9659090909090909,0.9649749821300929,0.9662062339686942,0.9690528290090653,0.9743212914647356,0.9815496811968709,0.9823151125401929,0.980490196317552,0.9781090909090909,0.9726491207944806,0.9711007862759113,0.96625,0.9654900768383041,0.9635735294117647,0.9647826086956521,0.9724984637625381
3,43,New York,State,0.9065545794297151,0.9033853176112591,0.9067094188376753,0.9177592371871275,0.9226713532513181,0.932956381260097,0.9271455061300176,0.926507414317981,0.9198998748435544,0.9178082191780822,0.9155937052932761,0.911859255061563,0.908,0.906816760475297,0.9081081081081082,0.9157368218545594,0.9216982827931313,0.9281164695177434,0.9306204136090727,0.9302325581395349,0.9230177059276367,0.9176610978520287,0.908,0.9030286190608502,0.9008379888268156,0.8979591836734694,0.9004502251125562,0.9111111111111111,0.9191489361702128,0.9303448275862068,0.9363093082216588,0.9326424870466321,0.9324562162162162,0.9246171967020024,0.918918918918919,0.9195979899497487,0.9143657462985194,0.9167950693374423,0.9138840070298769,0.9259259259259259,0.9365687526607067,0.9449311639549437,0.9499833277759253,0.9520622568093385,0.9472981987991995,0.9391891891891891,0.9365764946578767,0.9328782707622298,0.9306506319648606,0.9291686669247645,0.9317930999180999,0.9304531085353003,0.9430816861157418,0.950792326939116,0.9548347984237647,0.9539492907513005,0.9461844481813653,0.9417304296645085,0.9387755102040817,0.9336445481827276,0.9339407744874715,0.9312320916905444,0.92880978865406,0.9391320680557705,0.9464788732394366,0.9545454545454546,0.9588235294117647,0.9575289575289575,0.9532374100719424,0.9479236203827326,0.9398496240601504,0.9396688560481664,0.9378292939936775,0.9408602150537635,0.941320293398533,0.9457984721716988,0.9545804464973057,0.9610930986567855,0.965565379246161,0.9672591378724595,0.960960960960961,0.9580705535260792,0.9565217391304348,0.9531772575250836,0.948509485094851,0.9505703422053232,0.9519038076152304,0.9576837416481069,0.9658536585365853,0.9711595055915244,0.972972972972973,0.9722762375687538,0.9690528290090653,0.9650180940892642,0.9602400600150037,0.958904109589041,0.9554140127388535,0.9539748953974896,0.9557522123893806,0.9625024062560157,0.970003395014065,0.9761904761904762,0.9784591440158511,0.9744037230948226,0.9682847074510302,0.9639284631706577,0.958716111813457,0.9534229446702095,0.9504752376188094,0.948051948051948
4,14,Florida,State,0.8787878787878788,0.8695652173913043,0.8733401430030644,0.8798180092439749,0.8823529411764706,0.8871381306865178,0.8987341772151899,0.9011363636363636,0.894919168591224,0.8888888888888888,0.8898776418242491,0.8888888888888888,0.8968421052631579,0.89086859688196,0.8842105263157894,0.8848080133555927,0.8890864636585908,0.8932696897374701,0.8971428571428571,0.9030837004405287,0.9077436087439793,0.9026010923670629,0.9090909090909091,0.9107468123861566,0.9099181073703366,0.9106070713809206,0.9124087591240876,0.9142857142857143,0.9203681472589036,0.9237875288683602,0.9273182957393483,0.9302397693005372,0.9301532428532429,0.9333333333333333,0.9326923076923077,0.9316145231922264,0.9346733668341709,0.9322033898305084,0.9343715239154616,0.9367088607594937,0.9396984924623115,0.9417304296645085,0.9458917835671342,0.9473684210526315,0.9473684210526315,0.9447943682845499,0.943126607602172,0.9384615384615385,0.9354838709677419,0.9326016472973714,0.9348630629692415,0.9340816776346863,0.9368191721132898,0.943126607602172,0.9418604651162791,0.9420532574108189,0.9411764705882353,0.9402795634686065,0.9389671361502347,0.9398496240601504,0.9374739474781159,0.9368421052631579,0.9411923576385359,0.943126607602172,0.946919178447586,0.9499749874937469,0.9504320145520692,0.949438202247191,0.9491525423728814,0.9486029665401863,0.9473684210526315,0.9481229067172969,0.9473684210526315,0.9464575446187128,0.9496402877697842,0.9507313317936874,0.9535020600353149,0.9554140127388535,0.9565028273162245,0.9569377990430622,0.9552686079119452,0.9545865278742742,0.9531772575250836,0.9515680203970134,0.9500047500237501,0.949748743718593,0.9514705882352941,0.9523809523809523,0.9547738693467337,0.9563256700613205,0.9565217391304348,0.9565217391304348,0.9564927487914653,0.9545454545454546,0.9550561797752809,0.9548780487804878,0.953125,0.9536601746138348,0.9557280137503581,0.9568375471434558,0.9579158316633266,0.9598194702078059,0.958904109589041,0.9578947368421052,0.9567901234567902,0.9545454545454546,0.9542211097912778,0.9515859766277128,0.9492537313432836,0.9486029665401863
5,21,Illinois,State,0.8827206801700425,0.8849557522123894,0.888030888030888,0.8996897621509824,0.9057750759878419,0.9135522838807097,0.9094995504944561,0.9068100358422939,0.9046778464254193,0.893903418605601,0.8916965203029902,0.8832684464219502,0.8775981524249422,0.8811881188118812,0.8863545418167267,0.8858858858858859,0.8996680011717606,0.9038089089735313,0.9009009009009009,0.9031890660592256,0.8896321070234113,0.8873656909966654,0.8793969849246231,0.8846153846153846,0.88,0.878906559063217,0.8846153846153846,0.8984615384615384,0.9131569822493099,0.9219015280135824,0.923313670171839,0.9231762427372499,0.9218549521752893,0.916030534351145,0.9166666666666666,0.9181969949916527,0.9123434704830053,0.9142857142857143,0.9212121212121213,0.92880978865406,0.9403669724770642,0.9490541796281498,0.9505280711506392,0.9483037156704361,0.9476072490625105,0.9436726808095696,0.936,0.9342984409799554,0.9326845093268451,0.9333333333333333,0.9318766066838047,0.9442870632672332,0.9505941213258287,0.955955955955956,0.9536354056902002,0.9503167722574192,0.9438886472379295,0.9382329945269742,0.9326660600545951,0.9272727272727272,0.9230769230769231,0.9233610341643582,0.9289031797070382,0.9425625920471281,0.9523809523809523,0.9563636363636364,0.9529411764705882,0.9503167722574192,0.9443777511004402,0.9396203312434981,0.9353053841242818,0.9309309309309309,0.9264214046822743,0.927536231884058,0.9383521806795667,0.950920245398773,0.957983193277311,0.9607692307692308,0.9598214285714286,0.9565217391304348,0.9513534719497843,0.9467455621301775,0.94375,0.9384615384615385,0.9358974358974359,0.9380913760475804,0.9483870967741935,0.9575873070870689,0.9639284631706577,0.9658536585365853,0.963855421686747,0.96,0.9553158705701078,0.9516837481698389,0.9473684210526315,0.9443402126328956,0.9389895138226882,0.9398496240601504,0.9523809523809523,0.9639869043288468,0.9666666666666667,0.968421052631579,0.965386695511087,0.96,0.9552615198603693,0.9503959983326385,0.9452054794520548,0.9378349410503751,0.9342560553633218,0.9378907878282617
6,47,Pennsylvania,State,0.9215082724124664,0.9161111111111111,0.9287709497206704,0.9365687526607067,0.9428244711263579,0.9443777511004402,0.9383278848082217,0.9332443257676902,0.9272727272727272,0.9203681472589036,0.9227307245195997,0.912470389542025,0.9090909090909091,0.9032986589928657,0.9090495679854479,0.9122910277459393,0.9254627313656828,0.929368029739777,0.9305064782096584,0.9233333333333333,0.9168081494057725,0.9129961935834693,0.9090909090909091,0.9043156264305467,0.9021082117057349,0.9003601440576231,0.9056873315363881,0.9165744442207586,0.9285714285714286,0.9348051052086926,0.9393939393939394,0.9358490566037736,0.9302325581395349,0.9285203716940672,0.9266123054114158,0.9250046250231251,0.9180723517751854,0.9204811610826333,0.9254627313656828,0.9351893095768374,0.9454949944382648,0.9525071645104113,0.9522893420546364,0.9484640922593046,0.9428571428571428,0.9375,0.9306683322923173,0.9298998569384835,0.9261576971214017,0.92,0.9296320206584894,0.9368988072335513,0.9467667023937121,0.9548148148148148,0.9538877098773813,0.9485945423960571,0.9417920209287116,0.9375,0.9331103678929766,0.9276583703807424,0.9232480533926585,0.9199359487590072,0.9302325581395349,0.9412995323652473,0.9523582658408766,0.9574468085106383,0.9574468085106383,0.9529411764705882,0.9454949944382648,0.9447068630175048,0.9393571861734384,0.9375,0.9303030303030303,0.9296296296296296,0.9336071472747922,0.948108117047264,0.9585798816568047,0.9649122807017544,0.9629814907453726,0.9591836734693877,0.9553158705701078,0.9535020600353149,0.9473684210526315,0.94356616550231,0.9435310936383131,0.9378907878282617,0.9472981987991995,0.9595555555555556,0.9652899064275504,0.9708178634466142,0.9690528290090653,0.9654827413706853,0.9622641509433962,0.9574848160057163,0.9545454545454546,0.9502715061446128,0.9480321809088932,0.9478672985781991,0.9537423659301306,0.962278675904542,0.9722222222222222,0.9770114942528736,0.9741969457609269,0.9713176002786381,0.9662398137369034,0.9603729603729604,0.9564825393782633,0.9523809523809523,0.9477009477009477,0.9473219540906416
7,44,Ohio,State,0.8873313761337074,0.8921372730070791,0.9068181818181819,0.9175627240143369,0.9214092140921409,0.9234083293441838,0.916030534351145,0.9084415584415585,0.9045226130653267,0.8934953538241601,0.8864150943396226,0.8934953538241601,0.8934169278996865,0.8914728682170543,0.8935879945429741,0.8987367510720115,0.9065420560747663,0.9096422073984233,0.9133333333333333,0.9078462348604529,0.9028571428571428,0.9009009009009009,0.8965647414118535,0.8943396226415095,0.8863636363636364,0.8864864864864865,0.8976333624089436,0.9092768980170856,0.9250773430391265,0.9304489416143289,0.9285714285714286,0.9260120986505351,0.919096395783747,0.9180327868852459,0.9169054441260746,0.9153439153439153,0.9148770285653773,0.9090909090909091,0.9174311926605505,0.9309775264027229,0.9428571428571428,0.9470899470899471,0.9473684210526315,0.9433962264150944,0.9403134378126042,0.9326424870466321,0.9321183515117135,0.9225957779515246,0.9235294117647059,0.9212121212121213,0.933741935483871,0.9405550381293648,0.9506097560975609,0.9565217391304348,0.9552631578947368,0.9477026522226373,0.9449694274596998,0.9383033419023136,0.9368736842105263,0.9313556398758193,0.9289031797070382,0.9304347826086956,0.9399939987997599,0.9482546201232033,0.9573542210617929,0.9603841536614646,0.9604802401200601,0.9556313993174061,0.9511568123393316,0.9463148316651502,0.9405083829096809,0.935127674258109,0.94,0.936,0.9454688112985484,0.9559372666168783,0.9622222222222222,0.968,0.9676870556674382,0.9636363636363636,0.9594663930220626,0.9549071618037135,0.9530201342281879,0.9483870967741935,0.9457364341085271,0.9433867886777352,0.9565217391304348,0.9649749821300929,0.9696969696969697,0.9749874937468734,0.9743589743589743,0.971,0.9666666666666667,0.9619084263178146,0.9569377990430622,0.9522272433828276,0.9515859766277128,0.953073845034558,0.9638117117905636,0.9728978457261988,0.9773030707610146,0.9832243877634199,0.9795748228428511,0.974025974025974,0.9693278029710273,0.9634620674478737,0.9591326105087573,0.9535020600353149,0.9488510007412898,0.9515859766277128
8,30,Michigan,State,0.8853211009174312,0.8796,0.8903055616619037,0.8888888888888888,0.8946259220231823,0.902631680159997,0.8995633187772926,0.9022556390977443,0.8976660682226212,0.8936170212765957,0.8823529411764706,0.8845265588914549,0.8922505004289392,0.889487870619946,0.896,0.8958309588937011,0.9062170706006323,0.910010111223458,0.9151670951156813,0.9133974358974359,0.9090288786242071,0.9118541033434651,0.90625,0.907859078590786,0.9045226130653267,0.9009009009009009,0.9099307159353349,0.918918918918919,0.9327846364883402,0.94375,0.944206008583691,0.9437751004016064,0.9398936170212766,0.9347319347319347,0.933955970647098,0.9333333333333333,0.9340252038547072,0.9340909090909091,0.9380480459340922,0.9463113171108536,0.9523582658408766,0.9607738836502211,0.9636767976278725,0.9594142259414226,0.956018920422927,0.9487556783024705,0.9392534764576727,0.936634494334872,0.9306569343065694,0.9298998569384835,0.929866036249015,0.9411418481459682,0.9543355566957414,0.9607791524085285,0.9614010007147963,0.9566666666666667,0.9523809523809523,0.9426702577914583,0.9363636363636364,0.9328859060402684,0.9332665925035917,0.9241555130656469,0.9363831308077198,0.9473684210526315,0.96,0.9638624427781054,0.9639814441590866,0.9590163934426229,0.9523809523809523,0.9473545669913135,0.94001880075203,0.9389250814332247,0.935422443457054,0.93519882179676,0.9442463766277157,0.9560867148415787,0.9655556821209966,0.9699869508481949,0.9719882352941176,0.967741935483871,0.9631632308212233,0.9564330265018897,0.9526372443487621,0.9501900380076015,0.9433962264150944,0.9463621318025643,0.9540636042402827,0.9669889963321107,0.975609756097561,0.9809617234449852,0.9802816901408451,0.9734991887506761,0.9693558474046279,0.9619084263178146,0.9563825530212084,0.9538461538461539,0.9523809523809523,0.9511500486719511,0.9617146197526437,0.9743589743589743,0.9829787234042553,0.9853879567707023,0.9836612204068023,0.9769658459094519,0.9693558474046279,0.9609665427509294,0.9557595993322203,0.94972067039106145,0.9464575446187128,0.948509485094851
9,16,Georgia,State,0.8777777777777778,0.8805870580386924,0.8842381982151932,0.8922105452509773,0.897724431107777,0.9085714285714286,0.9070022392746339,0.9023650697392359,0.8901166359729895,0.8893829905503057,0.8763505402160864,0.8752188047011753,0.8714596949891068,0.8604651162790697,0.8783783783783784,0.8809523809523809,0.8928571428571429,0.8967173738991193,0.8915880503144654,0.8985507246376812,0.8886894075403949,0.8882521489971347,0.899809803510244,0.897979797979798,0.9009009009009009,0.8926342346436807,0.9083910700538876,0.9221311475409836,0.9295199182839632,0.931770373044225,0.9338624338624338,0.9343715239154616,0.934472235427625,0.9386733416770964,0.9358974358974359,0.9414225941422594,0.9375,0.943944234679059,0.949,0.9523809523809523,0.9554777388694348,0.9560867148415787,0.9563167226889278,0.9560967925352932,0.950950950950951,0.9503267456261595,0.9464575446187128,0.9441379310344827,0.944,0.9434792283431048,0.949874686716792,0.9570731707317073,0.9594594594594594,0.9613196814562003,0.9566647012578616,0.9516129032258065,0.9491232022857738,0.946969696969697,0.9442176870748299,0.943831873819768,0.9420289855072463,0.9450415070242657,0.9562569495922906,0.9598861962346008,0.9655172413793104,0.9654827413706853,0.9635535307517085,0.96,0.9554140127388535,0.9530201342281879,0.9523809523809523,0.9501845018450185,0.949943117178612,0.9545804464973057,0.9615384615384616,0.9682940023057253,0.972972972972973,0.974293059125964,0.972735229261861,0.9696969696969697,0.9666666666666667,0.9655172413793104,0.9640877319836105,0.961764705882353,0.9626599468676267,0.9633112501742065,0.9717948717948718,0.9749755130015609,0.9782125389061805,0.9779501837484688,0.976,0.9727626459143969,0.971051667277391,0.9683245345929424,0.9680908599242833,0.9675303378156773,0.9676584492262921,0.9722067815453029,0.9764172782887185,0.9823529411764705,0.9841709545520483,0.9824634624959727,0.9812457376676518,0.9767441860465116,0.9731051344743277,0.9693558474046279,0.9687304565353346,0.9674763277068753,0.9636545515171724,0.968871108888611
10,36,North Carolina,State,0.9076923076923077,0.9090909090909091,0.92,0.9273743016759777,0.9322033898305084,0.9298830897092607,0.9253903990746096,0.9205882352941176,0.9118716457463767,0.9098360655737705,0.9038089089735313,0.898876404494382,0.8947368421052632,0.8944444444444445,0.9003601440576231,0.916972324108036,0.919047619047619,0.9240506329113924,0.9178743961352657,0.9149074074074075,0.909659268521413,0.9056603773584906,0.9022641831852358,0.9014459522444672,0.905511811023622,0.9051639244681562,0.913823019086177,0.9225121947984174,0.9355316783994072,0.9371709371709371,0.9348314606741573,0.932746196957566,0.9289031797070382,0.9288135593220339,0.9257142857142857,0.925237396477311,0.9260120986505351,0.9290138161029061,0.9386597785411157,0.9449694274596998,0.9504752376188094,0.9543418264255088,0.9510869565217391,0.9523809523809523,0.9485714285714286,0.9433962264150944,0.9430199430199431,0.9368121302999279,0.936986301369863,0.9372637944066515,0.9454949944382648,0.9514515735545255,0.9581402057792501,0.96,0.9562841530054644,0.9555555555555556,0.9499231000050661,0.9459459459459459,0.9464285714285714,0.9433962264150944,0.9428571428571428,0.9399603632673603,0.9534883720930233,0.9587516185740969,0.9648176413912712,0.9634076615208691,0.9619084263178146,0.959868059373282,0.9571428571428572,0.9532888146911519,0.9527272727272728,0.9506337558372249,0.9504752376188094,0.9546666666666667,0.9612403100775194,0.9675165009357187,0.9724919093851133,0.972972972972973,0.9726962457337884,0.9688581314878892,0.9670458952811893,0.9649122807017544,0.9629492404594294,0.9631937119210321,0.9625668449197861,0.9644246803779878,0.9721618094823836,0.97708082026538,0.9783783783783784,0.9796610169491525,0.9791579824927052,0.977236146240515,0.9728183118741058,0.9704852426213106,0.9692744755244755,0.9680851063829787,0.9659007756475926,0.9701403404001194,0.9787807318467696,0.9805603201829617,0.9831460674157303,0.9823529411764705,0.9801376030196017,0.9761904761904762,0.975609756097561,0.9709781795784432,0.9702127659574468,0.9697249591551573,0.9663250366032211,0.970647098065377
11,40,New Jersey,State,0.9004502251125562,0.8985085485631139,0.9013371512462223,0.9134615384615384,0.9147194299902061,0.9282210000737416,0.9230769230769231,0.9198396793587175,0.9142857142857143,0.9051593323216995,0.9050606742728641,0.9003601440576231,0.8916920400173989,0.8880550343964978,0.8869565217391304,0.8947368421052632,0.9016393442622951,0.9122884150362717,0.9174311926605505,0.9124087591240876,0.900163666121113,0.8965160400137978,0.8862320418924192,0.8867667121418826,0.8769547697740753,0.8857142857142857,0.8875219683655536,0.9,0.9096774193548387,0.9183112181177946,0.9285714285714286,0.9251168101663689,0.9193853695982135,0.9188183298441498,0.9182664702356058,0.9166319299708212,0.9174311926605505,0.9182389937106918,0.9152884028722954,0.925,0.9382239382239382,0.9463321689425215,0.9503167722574192,0.949238578680203,0.9469823274424808,0.9422850412249706,0.9386059393752885,0.9342560553633218,0.9329092289431495,0.9333333333333333,0.9335443037974683,0.9357156224508892,0.9472981987991995,0.9561635775228008,0.9573934837092731,0.9534014490250815,0.9447128287707998,0.9378596087456847,0.9350324675324675,0.9337483325922632,0.9296128529973813,0.9303721488595438,0.9351892127011744,0.9417652411282984,0.9481605351170569,0.9535452322738386,0.9594921926145554,0.9555555555555556,0.9493670886075949,0.9440928270042194,0.9414225941422594,0.9371940131486921,0.9354838709677419,0.9351892127011744,0.9367816091954023,0.9459459459459459,0.9539121114683816,0.9578947368421052,0.962059620596206,0.9587692307692308,0.9547190398254228,0.9514486407589855,0.9486934353091141,0.9453302961275627,0.9444444444444444,0.9422492401215805,0.94733307229461,0.9555296965329217,0.962059620596206,0.9657198992993512,0.9682539682539683,0.9665551839464883,0.9619307819791832,0.9593023255813954,0.9564891222805701,0.9554743038611277,0.9527415891195419,0.9490196078431372,0.9545371870762922,0.96,0.9665666666666667,0.9711111111111111,0.9715994020926756,0.9690689709394318,0.9637305699481865,0.95999724405641,0.9562361967353381,0.9530100018871486,0.9466693100713719,0.9466666666666667
12,56,Virginia,State,0.9433962264150944,0.9405016175916665,0.9436619718309859,0.9454636409113648,0.9523809523809523,0.9523809523809523,0.9490740740740741,0.9477009477009477,0.9446611238164447,0.9402089613324964,0.9347951529140219,0.9364548494983278,0.9256505576208178,0.925900661917033,0.9318252885326056,0.9423228824887593,0.9478672985781991,0.9523809523809523,0.9502375593898474,0.9462016761286834,0.9402985074626866,0.9348914858096828,0.9414533686378347,0.9335822886102961,0.9297373670212765,0.9334370485609512,0.9433962264150944,0.9574468085106383,0.9636363636363636,0.9663511720477664,0.9639175257731959,0.9604148547348014,0.9586206896551724,0.9566184649610678,0.959448499594485,0.9523809523809523,0.9548494983277592,0.9544152744630071,0.9647626330960645,0.9719429690115606,0.9777678968430413,0.9799713876967096,0.9760656950156708,0.973549677706157,0.9695290858725761,0.967637014148642,0.9603340292275574,0.9580645161290322,0.9522783225786309,0.9583159649854106,0.9675303378156773,0.9729290424326633,0.977346768694598,0.9769230769230769,0.97,0.9652757340919496,0.9613899613899614,0.9584415584415584,0.9554777388694348,0.950950950950951,0.9490686283296956,0.9540992061143567,0.9652173913043478,0.9733333333333334,0.9777171441564347,0.9774948852011821,0.9732016925246827,0.9680972228953618,0.9646975759002118,0.961444607125427,0.9571428571428572,0.9563758389261745,0.9545454545454546,0.9565217391304348,0.9668043631255698,0.9769230769230769,0.98,0.9799918334013883,0.9773182121414277,0.9740194803896078,0.9714285714285714,0.9704142011834319,0.9657052258781864,0.963076923076923,0.9637448370812299,0.9683666881859264,0.9759358288770054,0.9837092731829574,0.9846153846153847,0.9853160246861035,0.9819639278557114,0.9771428571428571,0.975609756097561,0.9722222222222222,0.9693558474046279,0.9677174901485298,0.9670079635949943,0.9717062017719348,0.9814953738434609,0.9878751136708094,0.99,0.9902475618904726,0.9866666666666667,0.9817351598173516,0.9781738785232235,0.9750121876523457,0.9716157205240175,0.9682759011189328,0.9691011235955056,0.9734513274336283
13,59,Washington,State,0.9142857142857143,0.9097421203438395,0.9283959871037428,0.935251798561151,0.9410270320914067,0.9356162307948725,0.9341917024320457,0.9338993329290479,0.9230769230769231,0.9202033356578552,0.9145088368269626,0.9049230769230769,0.8943396226415095,0.9053434818498879,0.9106317411402157,0.9187577515702858,0.931134883345647,0.935608004104669,0.9366221072010658,0.9279550752872032,0.9262689885142645,0.9228395061728395,0.922609043617447,0.9195402298850575,0.9161832366473295,0.9219395520765383,0.9317788663206903,0.944549394377153,0.9577464788732394,0.9634917304189435,0.9671492204899778,0.9648830745105974,0.9619462638924381,0.959332638164755,0.9570785493576192,0.9528843681248036,0.9553310140182134,0.9607843137254902,0.970873786407767,0.9800653376891793,0.9858490566037735,0.9873781754273846,0.987012987012987,0.9807692307692307,0.9770733959070627,0.972492358988608,0.9653013305504826,0.9613084112149533,0.957513472866274,0.9617142857142857,0.9708361204013378,0.9798994974874372,0.9825216811207471,0.984375,0.9814126394052045,0.9772727272727273,0.9726277372262774,0.967741935483871,0.9640465949820789,0.9606980658585432,0.96,0.9725996118278343,0.9833333333333333,0.9932885906040269,0.997716894977169,0.9984973262032085,0.9954545454545455,0.9890743550834598,0.9869298479594558,0.9845559845559846,0.9811531465987632,0.9790794979079498,0.98,0.9906741348269654,1,1,1,1,1,1,0.9992384823848238,0.9936507936507937,0.9891322830707677,0.9857846989070648,0.9838709677419355,0.9988242677824268,1,1,1.0026787839446067,1.0002083767451553,1,1,1,0.9993145505549458,0.990909090909091,0.9922070027872953,0.99375,1,1,1.002244020528711,1.0012578616352201,1,1,1,0.9928031656748035,0.9850746268656716,0.9775302865849137,0.9714285714285714,0.9726027397260274,0.983374308970192
14,26,Massachusetts,State,0.9146524218458301,0.9081145584725537,0.9170062986291219,0.9292351679771265,0.9325793823401479,0.9410892923304928,0.93478667298553475,0.9336822899699722,0.9241989686540355,0.9169414584937792,0.9190751445086706,0.9116175653140633,0.9111111111111111,0.9069160174146714,0.9064924458962842,0.9233879548840179,0.9388713133993265,0.9469645902878492,0.943126607602172,0.9325031150196734,0.9255432723766229,0.9206493510687046,0.9195804195804196,0.9130570737145498,0.9096422073984233,0.9065108514190318,0.9128878281622912,0.9334370485609512,0.9458577951728636,0.9523556581986143,0.9523302263648469,0.9469298245614035,0.9413610511865071,0.9385321100917431,0.9393939393939394,0.936,0.9335822886102961,0.9288368105172906,0.9388436264535738,0.9546165884194053,0.9636767976278725,0.9703500833531793,0.9696785930867192,0.9660025264681461,0.9600872885979268,0.9545454545454546,0.9548858790088574,0.9508196721311475,0.9448275862068966,0.9447943682845499,0.9581535695839334,0.9649749821300929,0.9726744252122425,0.9761951247386892,0.9749894022891056,0.9687585639901343,0.9615384615384616,0.9567297238530115,0.9552238805970149,0.9484848484848485,0.9467561322619448,0.9463414634146341,0.9555555555555556,0.9668815292287175,0.9754877438719359,0.9828571428571429,0.9819639278557114,0.9760765550239234,0.9673564530707388,0.9645062011101544,0.9618272841051314,0.9561635775228008,0.952,0.9498327759197325,0.962800875273523,0.9733333333333334,0.9836506511031966,0.9867132105112475,0.98697867522174,0.9818451278251205,0.9770531400966184,0.975609756097561,0.9726443768996961,0.9679572763684913,0.9631398168994648,0.9636363636363636,0.9741290100034494,0.9824937477670597,0.9898516627435813,1,0.9940828402366864,0.9874555009323615,0.9818451278251205,0.98,0.9781735893130885,0.9726443768996961,0.9673274876096073,0.96875,0.9795501022494888,0.9923969587835134,1,1,1,0.9891086908201823,0.9809523809523809,0.9782390992591352,0.9727626459143969,0.9643377001455604,0.958904109589041,0.96
15,22,Indiana,State,0.9636754914732892,0.9570779283573017,0.9790893628785557,0.9799599198396793,0.9830553702468312,0.9858631518842786,0.9600929185111349,0.9624566117969822,0.9500601329229641,0.9528298887122416,0.9500989373396849,0.9481574074074074,0.943040409582143,0.9346956151553852,0.9512195121951219,0.9486565622594505,0.9591803889144854,0.9553233535892496,0.9582691672916663,0.961735867933967,0.9555806370704791,0.9497032436162871,0.9459800189104953,0.9494613486779715,0.9311638982997679,0.9449835830205585,0.9515739130434783,0.9624117853611986,0.9638784747215081,0.9709560140185494,0.9676653061224489,0.962604951560818,0.9610278188876734,0.9628308641173853,0.9644246803779878,0.953073845034558,0.9496498832944315,0.9449929478138223,0.9536157179142388,0.9665178154369314,0.9700297796307326,0.9715424619339723,0.9708748255002326,0.9681437670609645,0.959983993597439,0.9574848160057163,0.950950950950951,0.9547624460104569,0.941378187577173,0.9432324545544196,0.9545454545454546,0.96026538718022,0.9666666666666667,0.9676470588235294,0.9647718174539631,0.9644364074743822,0.9632320916905445,0.9588660366870484,0.9615236572511399,0.9569377990430622,0.9504132231404959,0.9495548961424333,0.9571428571428572,0.967741935483871,0.9732142857142857,0.975975975975976,0.974904,0.9687750200160128,0.9652201761409127,0.960701754385965,0.9583333333333334,0.9583333333333334,0.955,0.9530820399113082,0.9619497206703911,0.9711595055915244,0.9764705882352941,0.980653769179453,0.9818428470766107,0.9777027027027027,0.9730811204074209,0.9680908599242833,0.9680954901969507,0.9615942028985507,0.9607686148919136,0.96,0.9714285714285714,0.9768637532133676,0.983260180044988,0.9861286092873427,0.9837891015627112,0.9818543963078072,0.9785025945144552,0.9729902459564967,0.9714285714285714,0.970837382109174,0.9669713919964379,0.9719839908519153,0.9774739583333333,0.9874921826141339,0.991840327866427,0.9964692036092585,0.9935483870967742,0.9847198641765704,0.9830137992006007,0.9791349257585539,0.9747320574162679,0.9696202531645569,0.9658421672555948,0.9714285714285714
16,8,Arizona,State,0.9217877094972067,0.9194159004867496,0.9194159004867496,0.9219147514887932,0.927283228675958,0.9288135593220339,0.9272727272727272,0.9230769230769231,0.916972324108036,0.9103641456582633,0.9108562436288513,0.9026217228464419,0.90625,0.8969072164948454,0.9,0.9112903225806451,0.9211890315213488,0.9302325581395349,0.9459459459459459,0.9447236180904522,0.9444444444444444,0.9499374217772215,0.9498207885304659,0.9449694274596998,0.9492047203694202,0.9473060982830077,0.9546061415220294,0.9600203717850777,0.967741935483871,0.9728992360858494,0.9743589743589743,0.9736123748862603,0.9728396562905317,0.9709090909090909,0.9688750555802579,0.9633911368015414,0.9610027855153204,0.9598438246536073,0.9631019387116948,0.9656837385756165,0.967741935483871,0.9693877551020408,0.9711595055915244,0.9714122355631789,0.967741935483871,0.9623430962343096,0.9585121602288984,0.9564449676280165,0.9533789954337899,0.9534368070953437,0.9538461538461539,0.9530232558139535,0.954672068878197,0.9554317548746518,0.9531772575250836,0.953125,0.9549795361527967,0.9523809523809523,0.9534883720930233,0.9545598699755398,0.9529411764705882,0.9574468085106383,0.9615384615384616,0.9639869043288468,0.9666666666666667,0.9665349737910438,0.9683666881859264,0.9682582374890067,0.9666666666666667,0.9655172413793104,0.9640102827763496,0.9652509652509652,0.9632707339876452,0.9636363636363636,0.9682804674457429,0.969576884187602,0.9699869508481949,0.9710526315789474,0.9710144927536232,0.970873786407767,0.9699624530663329,0.969811320754717,0.969594661724354,0.9692307692307692,0.9681673487949067,0.9701940388077616,0.9730215049110813,0.9744253803820007,0.9749178859361003,0.9759036144578314,0.9758454106280193,0.974651136262817,0.9734991887506761,0.9741784037558685,0.9726027397260274,0.9711595055915244,0.9717314487632509,0.9743523963636842,0.977033865317244,0.9795748228428511,0.9803016312711603,0.9805352798053528,0.9802450612653163,0.9782978723404255,0.9765762711864406,0.9774066797642437,0.9736842105263158,0.9731443453871582,0.9712960278341548,0.9722219810928323
17,53,Tennessee,State,0.8967173738991193,0.9037037037037037,0.9129528822954677,0.9230769230769231,0.9256494475962974,0.9284692417739628,0.9222360809444958,0.9159545454545455,0.9127948534667619,0.9096422073984233,0.9026469553399179,0.8997538409303115,0.8924103419516264,0.906816760475297,0.9029505319188498,0.9127272727272727,0.9167204648160103,0.917910447761194,0.9167204648160103,0.9169213670464018,0.9127301841473179,0.91005291005291,0.9090909090909091,0.9099590536851683,0.8999996666644444,0.9003751563151313,0.9155276646599861,0.9289031797070382,0.9364218827008378,0.9373354397051079,0.9387648648374158,0.9331259720062208,0.9336445481827276,0.9273015761551978,0.9266123054114158,0.9244992295839753,0.927306447507182,0.9205260148656375,0.9354838709677419,0.943367189904586,0.9483772391991571,0.9502794939688144,0.9511315185306658,0.948003792015168,0.9473268333230678,0.9435483870967742,0.9418254764292878,0.9378960709759189,0.9328782707622298,0.9399699849924963,0.944,0.9500067857627554,0.9561635775228008,0.9587123862841148,0.9569444444444445,0.9513742071881607,0.9515050167224081,0.9480705097665555,0.9486029665401863,0.9444135630906059,0.9394081728511038,0.9456521739130435,0.9512937595129376,0.9529702970297029,0.960960960960961,0.9628127696289905,0.9629355077835434,0.9604802401200601,0.9590163934426229,0.9581168060355061,0.9565534866739686,0.950950950950951,0.950950950950951,0.9545454545454546,0.9603841536614646,0.9666555518506169,0.9712054660810151,0.9741893847130708,0.9733046561208956,0.9714619492656875,0.9686151431934091,0.9677141612248883,0.9670964873277011,0.9642857142857143,0.9619076074981284,0.9607686148919136,0.9707112970711297,0.9733333333333334,0.9765389082462254,0.97815556736148,0.9793103448275862,0.9767814251401121,0.9733333333333334,0.9727272727272728,0.971887537993921,0.9697933227344993,0.9666413949962093,0.9685907202216066,0.9737107921318449,0.9797979797979798,0.9833333333333333,0.9826589595375722,0.9822222222222222,0.9786361419298737,0.9741969457609269,0.9705709240729841,0.9666555518506169,0.9647254995375949,0.9639498432601881,0.9680908599242833
18,32,Missouri,State,0.9167682883540735,0.9066666666666666,0.9410492157923201,0.944206008583691,0.9448818978721248,0.9439733135656041,0.9355150739145617,0.9217171717171717,0.9215376513954713,0.9137645485485486,0.9069352966145767,0.899424,0.8851170568561872,0.9035779260157671,0.9061488673139159,0.9125628140703518,0.9199692070823711,0.9295300029559563,0.9333333333333333,0.9254798534798535,0.9114754098360656,0.911689054015433,0.9156221947935368,0.9106818181818181,0.9055555555555556,0.9159212880143113,0.9205020920502092,0.9261239198072895,0.9464575446187128,0.9479672131147541,0.9452263217953595,0.9461777611412647,0.9378907878282617,0.9285714285714286,0.9378907878282617,0.9375,0.9316770186335404,0.9339549436795995,0.9473684210526315,0.9581749049429658,0.9612903225806452,0.967741935483871,0.9696969696969697,0.9615384615384616,0.9552238805970149,0.9527616383034341,0.9435980765165927,0.9468306132625248,0.9380697006425476,0.9419580720455205,0.9540488766211114,0.9605488850771869,0.9696854869268663,0.9688936600151553,0.9654867256637168,0.9666666666666667,0.96,0.9538581824742889,0.9542930735930736,0.9578270192994996,0.9563565584978158,0.9456694703341668,0.9629629629629629,0.970970970970971,0.978494623655914,0.9785714285714285,0.9728813559322034,0.9697497279651796,0.968054211035818,0.9666666666666667,0.961265332472563,0.9603804428040855,0.9576333089846604,0.9577777777777777,0.9673115410273516,0.9807010634107917,0.9839893262174784,0.9867320153623371,0.9818373256120032,0.9781790820165538,0.9736114066822729,0.9699624530663329,0.968671679197995,0.9651500406167309,0.9627118644067797,0.9693558474046279,0.9771689497716894,0.9855839952927331,0.9879116298457691,0.9915966386554622,0.98847685090209,0.9815487316421896,0.9771346909610575,0.9753251083694565,0.9696428571428571,0.9661016949152542,0.9636363636363636,0.9685121107266436,0.9817490388752412,0.9873333333333333,0.9941111111111111,0.9959072305593452,0.9890909090909091,0.9837467921300257,0.9770453207769276,0.9749937484371093,0.9697890597068287,0.9656619571540039,0.960813604534845,0.968
19,27,Maryland,State,0.9198396793587175,0.9090909090909091,0.9175530532212886,0.9260612297401595,0.9336445481827276,0.9403761504601841,0.9332023575638507,0.933955970647098,0.9272020202020202,0.9272727272727272,0.9291704103024858,0.918580375782881,0.926340019382162,0.9161554192229039,0.9085365853658537,0.9130495856159573,0.9253731343283582,0.9351892127011744,0.9322033898305084,0.9377344336084021,0.9278637704555033,0.9174969583374437,0.9198540145985401,0.9210526315789473,0.9185548071034905,0.9186789157188763,0.9253300732639049,0.9319148936170213,0.9488992407116912,0.9523809523809523,0.9538461538461539,0.9494208494208494,0.9459459459459459,0.9479671830569832,0.9502375593898474,0.9498207885304659,0.9476177941563569,0.9481605351170569,0.9536178107606679,0.9594594594594594,0.9679500967950097,0.972492358988608,0.9718814870730327,0.97024256064016,0.9670293043352924,0.9631981361372193,0.9607843137254902,0.9545454545454546,0.9512735305314977,0.952,0.9569377990430622,0.9607689289917615,0.967741935483871,0.9703264094955489,0.9693196976433971,0.966451215758695,0.9599919967987195,0.954653937947494,0.9534667287110283,0.9515553633217994,0.9480968774204398,0.9469358584956227,0.9518072289156626,0.9628252788104089,0.9691923528880051,0.9745454545454545,0.9717062017719348,0.9675303378156773,0.9606718066851583,0.957592339261286,0.9583333333333334,0.954248366013072,0.9504752376188094,0.9512195121951219,0.9567942392318975,0.9655172413793104,0.9743589743589743,0.9780964783020916,0.9777777777777777,0.9743589743589743,0.96932209891766,0.9668508287292817,0.9647058823529412,0.9624060150375939,0.9575594922448856,0.9615384615384616,0.9661016949152542,0.9748091011279507,0.9808219178082191,0.9822695035460993,0.9800196003920079,0.9773287258524687,0.973404255319149,0.9710144927536232,0.9708166627441751,0.967206624843741,0.9636586361780318,0.9669616404179011,0.9732146236361474,0.98,0.9845288326300985,0.9880458648450842,0.9851470142467414,0.98000392001568,0.9766555502620295,0.974025974025974,0.9698202780603594,0.9663865546218487,0.9627951757915153,0.9626604434072346
20,60,Wisconsin,State,0.908137840910777,0.9075743419511539,0.9163665466186475,0.9215262778977682,0.9243697478991597,0.9341117597998332,0.9286100959728574,0.9219570670985362,0.91,0.902178746109382,0.9014084507042254,0.9072724674953565,0.8848422672480123,0.8922401171303075,0.8956916099773242,0.9041600842548709,0.9158878504672897,0.9212950776520137,0.9190172884440401,0.9166666666666666,0.9027777777777778,0.9058733008463709,0.8947368421052632,0.8960421251308426,0.8849335673101028,0.8906666666666667,0.9004502251125562,0.9122014202711427,0.924072984108299,0.9338993329290479,0.9320259091251457,0.9301470588235294,0.9251060138781804,0.9190554190554191,0.9191994069681245,0.9213425418475183,0.9144254278728606,0.91338697984631,0.9211943486026263,0.9316770186335404,0.9474671669793621,0.9523809523809523,0.9550706033376123,0.9526666666666667,0.9447895100069013,0.94,0.9356876646303873,0.9259259259259259,0.9235112968580703,0.9144334112508108,0.931912424047638,0.9408926417370326,0.9492047203694202,0.9583624098627588,0.9582985821517932,0.9523809523809523,0.9472981987991995,0.9418604651162791,0.9370393767108866,0.9306654257794323,0.9333333333333333,0.9302325581395349,0.9398907103825137,0.9539121114683816,0.9615088529638183,0.9637229754488824,0.9615088529638183,0.958956559299025,0.9520183176669077,0.9499374217772215,0.9462016761286834,0.9411764705882353,0.9427623153442936,0.939183987682833,0.9492448697432723,0.9619084263178146,0.97,0.9754046515706113,0.9744126099097227,0.9711942388477696,0.9646153846153847,0.9603841536614646,0.9583333333333334,0.9523809523809523,0.9471733086190918,0.9470809115434387,0.9606404269513009,0.9722067815453029,0.9792709077912795,0.9854014598540146,0.9828009828009828,0.9776751347190146,0.9727626459143969,0.96875,0.9639676436587432,0.96,0.9541284403669725,0.96,0.9729656663963233,0.9821428571428571,0.989558232931727,0.9949152542372881,0.9939959973315544,0.9847878302642114,0.979807760914104,0.9727626459143969,0.9669596847529555,0.9603201067022341,0.9545644018340975,0.9591078066914498
21,31,Minnesota,State,0.9166319299708212,0.920147223555769,0.9192982456140351,0.9209272785011114,0.9267431597528685,0.9338929695697796,0.9266123054114158,0.9142857142857143,0.9060573981383462,0.9124806343721117,0.898183599412194,0.906438841425297,0.89086859688196,0.8749280800500313,0.887186036611324,0.8952302295262955,0.9102413649604661,0.9230177059276367,0.9227223200067052,0.9254027360988526,0.916972324108036,0.9146777210983164,0.9136110071329049,0.9038854805725971,0.906320456431285,0.9009009009009009,0.9102646868947708,0.919732441471572,0.9411764705882353,0.9483425374944704,0.9536156459576253,0.951188986232791,0.9479553903345725,0.9488084730803178,0.9505280711506392,0.95,0.9402539208364451,0.9384340753439817,0.9503196764512902,0.950950950950951,0.9528534145280557,0.9623151852496086,0.9649749821300929,0.9698108908635225,0.9685510504774898,0.9620253164556962,0.9573241061130334,0.948238364506307,0.9454727363681841,0.9449724862431216,0.9515218956955884,0.9646280373831776,0.9724316348898034,0.9749670619235836,0.9725453699395068,0.9675889328063241,0.9626317380003512,0.9633197480548351,0.9561635775228008,0.9516837481698389,0.9473563190570125,0.9557929883138564,0.9665271966527197,0.9733185102834908,0.9782125389061805,0.9812404961984794,0.9795748228428511,0.9743059148128987,0.9697138093914976,0.9649484536082474,0.9617850730956655,0.9568193786203265,0.9596,0.9588850731380447,0.970873786407767,0.9803149606299213,0.9886229894076108,0.991304347826087,0.9916666666666667,0.983865763149403,0.9791836734693877,0.9743589743589743,0.9711595055915244,0.9653333333333334,0.9621237693389593,0.9613951365344298,0.9807544264819091,0.9902829379822806,1,1,1,0.9880597014925373,0.9830620413609072,0.9794117647058823,0.9748589020010262,0.9710623422023694,0.9681146462147452,0.9743723957130246,0.991952202450934,1,1,1,1,0.9968630184733357,0.9885057471264368,0.9812794741104177,0.975,0.9666666666666667,0.9626726390444196,0.9734810339039947
22,10,Colorado,State,0.9355693660630822,0.9323107702567522,0.9438798093292475,0.9490579204466155,0.9506833036244801,0.9489623586660941,0.9433197348291689,0.9404384831146384,0.9310344827586207,0.9298998569384835,0.9235668789808917,0.9191489361702128,0.92,0.9224393691267089,0.9237054873471464,0.9377604890247291,0.9391304347826087,0.9419382826475851,0.9454347035285559,0.9428571428571428,0.9422166387493021,0.93590625,0.9361872374474896,0.9378907878282617,0.9389859332353558,0.94,0.9519735006061241,0.959983993597439,0.9685625,0.9723572718433116,0.9730363423212193,0.97,0.9673639938824558,0.9663865546218487,0.9647058823529412,0.9625,0.9629355077835434,0.9650815932619757,0.9746130114197759,0.9791400595998297,0.9854014598540146,0.9864022662889519,0.9865771812080537,0.9822222222222222,0.9791666666666666,0.9723546234509056,0.9688482423549586,0.9666666666666667,0.9671848013816926,0.9713269615470105,0.9781512605042016,0.9845559845559846,0.9895722494147691,0.9917355371900827,0.9897465101337539,0.9850905218317358,0.9808695652173913,0.9777346713436939,0.9763313609467456,0.9754877438719359,0.9783069232916033,0.9810126582278481,0.9931506849315068,1,1,1,1,0.9970588235294118,0.9886697781356133,0.9845454545454545,0.9813333333333333,0.9786450662739322,0.9792487039030966,0.9819074461314665,0.9942857142857143,1,1,1,1,0.9924812030075187,0.9891566265060241,0.9855521155830753,0.9809523809523809,0.9811320754716981,0.9806319341928631,0.9876140095678095,0.9975742874469375,1,1,1,1,0.9929318140185515,0.9873417721518988,0.9844539445505895,0.9831527303321811,0.9819359112962768,0.9863851069741595,0.9953846153846154,1,1,1,1,1,0.9900588354635829,0.9842400363691468,0.98,0.9745901639344262,0.9731958762886598,0.974025974025974,0.9824561403508771
23,4,Alabama,State,0.8789722785665991,0.8960573476702509,0.9075754769401742,0.905895078420768,0.912456228114057,0.9178835993339136,0.9056603773584906,0.9113924050632911,0.8998998998998999,0.8947368421052632,0.8949059201468563,0.8846153846153846,0.8718340611353712,0.858892036747722,0.899909008189263,0.9099181073703366,0.9072146889800285,0.9172476503280527,0.9290138161029061,0.9121219337937604,0.8999499499499499,0.8994082840236687,0.9067441110035496,0.8960411722148145,0.9030286190608502,0.9043348281016442,0.9029345372460497,0.9139784946236559,0.9233847913093196,0.9298998569384835,0.9314857582755967,0.9237411539924131,0.9210519870125635,0.9118541033434651,0.9095908697501798,0.9148510394997749,0.91668920137011,0.9084755738669805,0.9238095238095239,0.9310225880505762,0.9349593495934959,0.9344949494949495,0.9467375886524823,0.9402414390150058,0.9338191090881465,0.9391891891891891,0.924649220126607,0.9254627313656828,0.9248554913294798,0.9221311475409836,0.9272281969518775,0.936858619416759,0.9429508494197466,0.9421822973047393,0.9411245165347037,0.9407526020816653,0.9409928585301719,0.9355961705831157,0.9369951534733441,0.9317133070258781,0.9357936962750716,0.932449320089722,0.9384615384615385,0.9475465313028765,0.95,0.9506790564689064,0.9488510007412898,0.9472551130247578,0.941816659690247,0.9376868159133325,0.9376920328688817,0.9394107837687604,0.9342230695900858,0.9417989417989417,0.9454545454545454,0.9518434913468774,0.9591160772662984,0.958974358974359,0.9595040138700279,0.9564838990426457,0.9523809523809523,0.9500031666772223,0.95,0.9462824765063571,0.9484582542694497,0.9449694274596998,0.9555555555555556,0.9601574032161826,0.96119863292194,0.9637462337811653,0.9655172413793104,0.9630617759762554,0.9599752226660732,0.9566425792106726,0.9554140127388535,0.9547530095475301,0.9578291723003522,0.959954233409611,0.9637606397644147,0.9683666881859264,0.9719626168224299,0.9709200990734795,0.9690528290090653,0.9673115410273516,0.9631578947368421,0.9619159795838241,0.9574468085106383,0.9585553582001184,0.9545040946314831,0.9572901325478645
24,51,South Carolina,State,0.8963093145869947,0.8958116274223796,0.9019607843137255,0.9129677980852916,0.9237875288683602,0.921448437348221,0.9102646868947708,0.9145529852103367,0.9102040816326531,0.9045383411580594,0.900112528132033,0.8933611276553504,0.8833333333333333,0.8925373134328358,0.890899808806895,0.8883238614058716,0.8964803312629399,0.9032258064516129,0.9061224489795918,0.9044444444444445,0.8889086424142759,0.8943089430894309,0.8939698492462311,0.8970976253298153,0.9006004002668445,0.8888888888888888,0.8943089430894309,0.9065573770491804,0.918854415274463,0.917516218721038,0.9244444444444444,0.9255784865540964,0.9184726522187823,0.92,0.917803723501894,0.916207596404755,0.9202898550724637,0.9212121212121213,0.925,0.9293320425943853,0.93687374749499,0.9389830508474576,0.9431466647399613,0.9428571428571428,0.9390648746908246,0.9382026972341839,0.9384615384615385,0.9333333333333333,0.932420872540633,0.9314586994727593,0.9350840899513466,0.9395848776871757,0.9446193739581404,0.9491525423728814,0.9444444444444444,0.9447415386854938,0.9429657794676806,0.9423076923076923,0.9424541884816754,0.9346590909090909,0.928165064102564,0.935158366813043,0.9444032540375642,0.9523809523809523,0.9579925546405714,0.9584295612009238,0.956268221574344,0.9550561797752809,0.9548313321898227,0.9498425128759173,0.9516129032258065,0.9482571132876363,0.9478672985781991,0.9505409582689336,0.9561128526645768,0.9621621621621622,0.9636363636363636,0.9647843300687643,0.9646017699115044,0.963438504545985,0.9619686800894854,0.9599332220367279,0.9582463465553236,0.9572901325478645,0.9546279491833031,0.9585897463299305,0.9633197480548351,0.9673387541966595,0.9692307692307692,0.969811320754717,0.9694117647058823,0.967741935483871,0.9657092732232961,0.9642286772836515,0.960466108760595,0.9602336663711382,0.96,0.9627406851712929,0.9663483401546157,0.9683666881859264,0.9705882352941176,0.9724770642201835,0.9714285714285714,0.9702127659574468,0.9661016949152542,0.9657263157894737,0.9607843137254902,0.958904109589041,0.9570871261378413,0.961028684470821
25,25,Louisiana,State,0.9170305676855895,0.9333333333333333,0.9253968253968254,0.9333333333333333,0.9364548494983278,0.949874686716792,0.9389748427672956,0.9409090909090909,0.9398496240601504,0.9399249173353552,0.9324350282485876,0.9286692759295498,0.927277164026798,0.9302325581395349,0.9220420636827075,0.9267431597528685,0.9363922187566545,0.9304197355422708,0.9287367533224798,0.9319526627218935,0.9244186046511628,0.9230769230769231,0.9241509433962264,0.9263599605857769,0.9202994721752257,0.9255813953488372,0.9239900699616339,0.9351133944710334,0.9405374499714122,0.9454602281606501,0.9428571428571428,0.9434649620235763,0.9411764705882353,0.9372156505914467,0.933955970647098,0.9349022986582796,0.931637519872814,0.9404388714733543,0.9395632300660234,0.948509485094851,0.9520921770770163,0.9523809523809523,0.9514563106796117,0.95,0.9429918559794256,0.9409090909090909,0.9401709401709402,0.9412780656303973,0.9358974358974359,0.9349528301886793,0.9453551912568307,0.9501459241031756,0.9523809523809523,0.9538461538461539,0.9574658122581774,0.9567567567567568,0.9491525423728814,0.9489613345436845,0.9427414690572585,0.9459459459459459,0.9461684610512983,0.9458999659748214,0.9447852760736196,0.9523809523809523,0.958904109589041,0.960482938114517,0.9610027855153204,0.9623430962343096,0.9534883720930233,0.9565217391304348,0.9523809523809523,0.9542405608350417,0.9462912087912088,0.9482758620689655,0.9579789894947474,0.9612403100775194,0.9644444444444444,0.9672131147540983,0.9629629629629629,0.9602194787379973,0.9577836411609498,0.9590909090909091,0.9547169811320755,0.9545454545454546,0.9523809523809523,0.9539989419516184,0.9575040344271114,0.9663077238400051,0.9663865546218487,0.9692307692307692,0.9691167387276096,0.9625971257441512,0.9563318777292577,0.9547169811320755,0.9538461538461539,0.9473684210526315,0.9473684210526315,0.9548387096774194,0.9565217391304348,0.9607686148919136,0.9600404244567964,0.9637046307884856,0.9629814907453726,0.9598645195510804,0.9535452322738386,0.9515599958727715,0.9545614235520874,0.9497716894977168,0.9456066945606695,0.9476696227866441
26,24,Kentucky,State,0.9311214468982738,0.9195402298850575,0.9254627313656828,0.9413407821229051,0.9441379310344827,0.9357997823721437,0.9310344827586207,0.9215686274509803,0.9195623427224441,0.9226063147086507,0.9162869794781643,0.9122807017543859,0.9212950776520137,0.9190184049079755,0.9197256958450988,0.9287429943955164,0.9325927844446362,0.937984496124031,0.9324942791762014,0.9278024065864471,0.9223300970873787,0.9095319076279129,0.9216134393562124,0.9171931049807942,0.9111111111111111,0.9090909090909091,0.9133574007220217,0.9331414610022741,0.9391408779197271,0.9429763471177945,0.9395973154362416,0.9340684818272702,0.939981807155852,0.9339622641509434,0.9295539808253439,0.9292351679771265,0.9276366435719784,0.9230769230769231,0.9336283185840708,0.9453302961275627,0.9452356731095286,0.9504752376188094,0.9483793517406963,0.9457989650831393,0.9444444444444444,0.9378907878282617,0.933852140077821,0.9245547698663132,0.9254627313656828,0.9321129081066869,0.92943654555028965,0.9417304296645085,0.9508059995351317,0.9545454545454546,0.9545454545454546,0.9479553903345725,0.9447165850244926,0.9417652411282984,0.9380354000319968,0.9333333333333333,0.9333333333333333,0.9368421052631579,0.9495534119328332,0.9500019000038,0.9583413195109959,0.9645131938125568,0.959409594095941,0.9547169811320755,0.9534883720930233,0.9468822170900693,0.9485714285714286,0.9431818181818182,0.9456073485307255,0.9405486750859211,0.9561752988047809,0.9625,0.96875,0.9699909063352531,0.9690528290090653,0.9666611092586418,0.9625971257441512,0.9612817089452603,0.9609682853585293,0.9568480300187617,0.9557522123893806,0.9543397425711108,0.9640102827763496,0.9698568737085207,0.9733549783549784,0.975609756097561,0.9738461538461538,0.9707792207792207,0.9693558474046279,0.9629629629629629,0.9648732770120053,0.9600415153087701,0.9588235294117647,0.9610802223987291,0.9682165979988229,0.9731443453871582,0.9759912663755459,0.9781357882623706,0.975,0.9705014749262537,0.9698996655518395,0.9632627858182483,0.9598527890827524,0.9569377990430622,0.9555555555555556,0.9573048699132756
27,46,Oregon,State,0.8976660682226212,0.8952080042127436,0.9070100143061517,0.9190090519294902,0.9216767068273093,0.9142857142857143,0.9285714285714286,0.9210046903836009,0.9096287960069039,0.9027027027027027,0.9021462349945435,0.8973945142440947,0.8912655971479501,0.8875739644970414,0.8933099454218574,0.9042553191489362,0.9184197024114931,0.9226666666666666,0.9282296650717703,0.9275572598196704,0.9230769230769231,0.9190038535645472,0.9194528875379939,0.9159663865546218,0.9245283018867925,0.9234828496042217,0.9301736668728687,0.9457549845429536,0.9548729357405664,0.9573542210617929,0.9626168224299065,0.9578544061302682,0.9562841530054644,0.9549795361527967,0.9534883720930233,0.9470899470899471,0.9505941213258287,0.95,0.9636496706513784,0.9724550898203593,0.9794808681226541,0.9814814814814815,0.9818373256120032,0.9760348583877996,0.9719082983532451,0.9660377358490566,0.9629629629629629,0.9605504587155963,0.9588660366870484,0.960263727078501,0.9673115410273516,0.9784283513097073,0.9805825242718447,0.9814746202297147,0.978952642126358,0.9748743718592965,0.9698752059102481,0.9656837385756165,0.9607640542813998,0.958904109589041,0.9598303930005737,0.9688715953307393,0.97868638538495,0.9856115107913669,0.9899497487437185,0.9909008189262967,0.9914769975786926,0.9886628876292097,0.9862068965517241,0.9810964083175804,0.9777728384085352,0.9782561426397043,0.9786780383795309,0.9811465948441709,0.9921107435891346,1,1,1,1,0.997289972899729,0.991869918699187,0.9856579419146647,0.9814814814814815,0.9782608695652174,0.9787234042553191,0.98125,0.9927272727272727,1,1,1,1,0.991869918699187,0.9848484848484849,0.9803921568627451,0.975452196382429,0.9748743718592965,0.9742120343839542,0.9808219178082191,0.9931748646740409,1,1,1,0.9943314438146049,0.9861072520144485,0.98,0.9741852210390448,0.9696969696969697,0.9646616541353383,0.962059620596206,0.9726027397260274
28,45,Oklahoma,State,0.9364548494983278,0.9338194054963544,0.9540570581696924,0.9547240451549532,0.9567567567567568,0.952020202020202,0.9417304296645085,0.9411764705882353,0.9379872513488632,0.939981807155852,0.9354838709677419,0.93136515938148845,0.9277026249609626,0.92544627246287825,0.9313900268502281,0.9395973154362416,0.9437939110070258,0.9416666666666667,0.9432314410480349,0.9427121102248006,0.9368421052631579,0.9375,0.9292351679771265,0.9254762409848216,0.9230138713745271,0.9348914858096828,0.933955970647098,0.9447236180904522,0.9506790564689064,0.9548022598870056,0.9496970897142523,0.9493396758954509,0.9487179487179487,0.9483793517406963,0.9426229508196722,0.943705732018985,0.9448818897637795,0.9378907878282617,0.95,0.96,0.9606404269513009,0.9622222222222222,0.9640745793542519,0.9626825310978907,0.9574468085106383,0.9559748427672956,0.946051602814699,0.9523809523809523,0.9448275862068966,0.9491137793024585,0.9565217391304348,0.960561180889848,0.966183574879227,0.9649749821300929,0.9673832468495182,0.9644517062752622,0.9641951219512195,0.9573033707865168,0.9564032697547684,0.9552869201858767,0.9511627906976744,0.9545454545454546,0.9629629629629629,0.9661016949152542,0.9691713691713691,0.9733398222654818,0.9696969696969697,0.9668815292287175,0.9625212947189097,0.9614143920595534,0.9613869188337274,0.958904109589041,0.9532062391681109,0.952,0.9654827413706853,0.9668699565778611,0.96875,0.9703012758657661,0.9707298999629492,0.9666481275491287,0.9623430962343096,0.96,0.96,0.9562841530054644,0.9565217391304348,0.9561635775228008,0.9620307772960104,0.9655172413793104,0.9679317446307738,0.9688104563690156,0.9673115410273516,0.9642857142857143,0.9628642149929278,0.9600054857456328,0.9563014566181127,0.9549624687239366,0.9536679536679536,0.9537095907999432,0.9603841536614646,0.9655172413793104,0.9678407350689127,0.9711779448621554,0.9692851959361393,0.9673115410273516,0.9621621621621622,0.9605488850771869,0.9583333333333334,0.9546771579220197,0.9528301886792453,0.96
29,11,Connecticut,State,0.8973175178161328,0.905,0.9123835805450156,0.9171762090050027,0.9233176838810642,0.9324956611984685,0.9228346456692913,0.9266537966537967,0.9057532204906729,0.9128299527766226,0.9128205128205128,0.8968609865470852,0.8907456192018081,0.9055376509822605,0.900226422974804,0.9121245828698554,0.9212724476363352,0.9317073170731708,0.9304596725164742,0.9094677241427046,0.9064328727397496,0.9054537797431038,0.894328077194634,0.8955571063037916,0.8890864636585908,0.8875862068965518,0.8998924721215436,0.9055991431249163,0.9214567792891619,0.9287925696594427,0.9278350515463918,0.9266582931631475,0.9173037008327767,0.9170487703209671,0.9125,0.9104898691972301,0.9138840070298769,0.9062961066383828,0.9214382817646812,0.9289031797070382,0.9393939393939394,0.9457984721716988,0.9456080025007815,0.9467667023937121,0.9428594750085848,0.9296875,0.9252897960472312,0.9233610341643582,0.917210375613781,0.9217558213629573,0.9208380942390143,0.9302325581395349,0.9403761504601841,0.947354563343588,0.9459152194486438,0.9426702577914583,0.9332810200421733,0.9245238564373919,0.9250735912531539,0.9158705322324718,0.9163879598662207,0.9151743006872757,0.916988416988417,0.9314285714285714,0.939638002974259,0.9497962390140914,0.94994617868676,0.944206008583691,0.9361566261786365,0.9307692307692308,0.9262562781336332,0.9161290322580645,0.9171762090050027,0.9161513560245407,0.9207365892714171,0.9322531667534271,0.9471709909346671,0.952905969444007,0.9523809523809523,0.9479591836734694,0.9384615384615385,0.934774686643147,0.933786078098472,0.9279639819909955,0.9294642695490015,0.9269741337237677,0.9354838709677419,0.9511568123393316,0.9553158705701078,0.9602649006622517,0.963363704787852,0.9554140127388535,0.9514398047701489,0.9486498247594853,0.9418393234672304,0.9365687526607067,0.9354838709677419,0.9349593495934959,0.9444479423997867,0.9565217391304348,0.9653407769248662,0.9694989106753813,0.967292883668311,0.9605488850771869,0.9565217391304348,0.9503394069310468,0.9473469300036534,0.9403635138265833,0.9382008027091433,0.9369285797857226
30,19,Iowa,State,0.9162345511076564,0.9233847913093196,0.9316770186335404,0.9454576867028228,0.9545454545454546,0.9566184649610678,0.9371477724778696,0.9394107837687604,0.934129545211551,0.9377316530763529,0.9294117647058824,0.9302325581395349,0.9214659685863874,0.9234722674763207,0.9146341463414634,0.9313186813186813,0.9385140456812812,0.9448275862068966,0.9454545454545454,0.9386733416770964,0.9370196170654752,0.9365532166043675,0.9281842818428184,0.9272727272727272,0.9136420525657072,0.9157296721505503,0.9199191445041482,0.937395379979913,0.9502794939688144,0.954954954954955,0.9533203631647211,0.9484994442386069,0.9480968858131488,0.9451445515196442,0.9420849420849421,0.9358490566037736,0.938194753223655,0.9395973154362416,0.9420289855072463,0.9536131278693578,0.9574074074074074,0.9633197480548351,0.9653270291568163,0.9607843137254902,0.954440505620598,0.9483314794215796,0.9474671464330413,0.9411764705882353,0.9394572025052192,0.9346938775510204,0.9441340782122905,0.9558823529411765,0.9615384615384616,0.9666508148382177,0.9656258268779825,0.96300725414871,0.9558823529411765,0.9536082474226805,0.9528023598820059,0.9454949944382648,0.9473684210526315,0.9510864881502001,0.9566666666666667,0.9642857142857143,0.9714285714285714,0.972492358988608,0.9705882352941176,0.9649749821300929,0.9646302250803859,0.9569377990430622,0.9543355566957414,0.9520524318730597,0.9556568126250278,0.9548387096774194,0.961038961038961,0.9689310163243813,0.9746835443037974,0.9777777777777777,0.9757575757575757,0.9731543624161074,0.9690140845070423,0.9655172413793104,0.9594816060464555,0.9575320512820513,0.9556313993174061,0.9543358395989975,0.964824120603015,0.971682389937107,0.9774436090225563,0.9773260359655981,0.978161965423112,0.9746835443037974,0.9714285714285714,0.9694323144104804,0.9655908242197919,0.9565217391304348,0.9584905660377359,0.958974358974359,0.9659161976235147,0.9739405106607002,0.9795234639574262,0.9830976198689203,0.978448275862069,0.9746328437917223,0.9714285714285714,0.9645910751538497,0.9653333333333334,0.9601024109238319,0.9553158705701078,0.958750607681089
31,34,Mississippi,State,1.0006166666666667,1,1.01234264276782,1.0016009702850213,1.0068629902138748,0.9981899792871938,0.9708053097345133,0.9901298412698413,0.9894229074889868,0.9674220129487934,0.9679802955665024,0.9564625515214215,0.9407782101167316,0.936001872003744,0.9503242034656233,0.9791167013926965,0.9675235877667256,0.9565100087032202,0.9794628751974723,0.966183574879227,0.9924937447873228,0.9884277370868367,0.9722151898734177,0.9640070035017508,1,0.9728417128987517,0.9966508990582952,0.9903494033937263,0.9834876461295419,0.9651162790697675,0.987916287534122,0.9864488935721812,0.9847288046340179,0.9691690637400245,0.9849246231155779,0.9856420634920635,0.9731241199937422,0.9712380158399333,0.9671514342895263,0.9707863157894737,0.9746,0.9768247489124013,0.9680552855541535,0.9705475660031455,0.9741969457609269,0.9578437771975632,0.9724670271362879,0.9616985219164118,0.9552845528455285,0.9503167722574192,0.9553384615384616,0.9623430962343096,0.9684327528714338,0.9652341782776566,0.9762202753441802,0.9761240827218145,0.9721009302391552,0.9666666666666667,0.9642857142857143,0.9655172413793104,0.9597876684360964,0.9682170542635659,0.9564164648910412,0.9806451612903225,0.9811980377358491,0.9909681366324188,0.9823529411764705,0.96834537683971,0.9584428571428572,0.9683203559510567,0.9629629629629629,0.9637270792392021,0.9642207398423287,0.9574619944982347,0.9729830928687029,0.9647919655667145,0.9787928221859706,0.9818099135970896,0.9842697674418605,0.9754933333333333,0.9674728940783986,0.967646778951375,0.9742895805142084,0.9770114942528736,0.9673115410273516,0.9738260200153964,0.9814126394052045,0.9796787878787879,0.9867948717948718,0.9896026377563627,0.9833333333333333,0.9810378378378378,0.9796539305377323,0.9759807846277022,0.978567124781224,0.9804469273743017,0.9714285714285714,0.9654827413706853,0.9777777777777777,0.9760765550239234,0.9777777777777777,0.9848484848484849,0.9818731117824774,0.9775484536082474,0.9738461538461538,0.9822090437361009,0.9778864439011138,0.9710144927536232,0.9804902723856586,0.98
32,6,Arkansas,State,0.9142857142857143,0.9231762427372499,0.9343715239154616,0.9371859296482412,0.9414533686378347,0.9428571428571428,0.9253731343283582,0.943126607602172,0.9272862152684112,0.9166607819598427,0.9180952380952381,0.91324200913242,0.9041537866212033,0.9206137424949966,0.9279279279279279,0.930989010989011,0.9333333333333333,0.9325641025641025,0.9237981962840217,0.9318181818181818,0.9181969949916527,0.9266123054114158,0.9187279151943463,0.9283018867924528,0.9213587715216379,0.9227348526959422,0.9243697478991597,0.9410456062291435,0.9421965317919075,0.9452715500154165,0.9468822170900693,0.9426702577914583,0.9380863039399625,0.9393939393939394,0.94,0.9403669724770642,0.9341117597998332,0.9382239382239382,0.948936170212766,0.9520500347463516,0.9544235924932976,0.9560603933132075,0.9559471365638766,0.9483667017913593,0.9510869565217391,0.9384752618670146,0.9417304296645085,0.9391588403429971,0.9238095238095239,0.9339622641509434,0.9425287356321839,0.946189879536962,0.9482758620689655,0.9531772575250836,0.9498207885304659,0.944755804643715,0.9466221851542952,0.9473684210526315,0.944,0.9380863039399625,0.9336445481827276,0.9386733416770964,0.9495614035087719,0.9545804464973057,0.9565857247976454,0.9545644018340975,0.9571455918445482,0.9543300067855232,0.9527529761904762,0.9503801520608244,0.95,0.9495798319327731,0.9437042940043321,0.9522673031026253,0.9588660366870484,0.962278675904542,0.9655502392344497,0.9646482018635932,0.9662664379645511,0.9621848739495799,0.9642601858470335,0.9600038400307203,0.9595613433858807,0.9507936507936507,0.957636913905069,0.9537037037037037,0.9616766467065868,0.9645569620253165,0.9696877841770234,0.969822341202239,0.9683666881859264,0.9652509652509652,0.9609375,0.9614949037372593,0.96,0.9587628865979382,0.9591326105087573,0.9622504490633821,0.9625,0.9693877551020408,0.9712478435882691,0.972972972972973,0.9711595055915244,0.9652736904061212,0.9647451167222487,0.9627457007518355,0.9595,0.9565217391304348,0.9572649572649573,0.9552198657240674
33,23,Kansas,State,0.95,0.9642713560454241,0.9899888765294772,0.9906609100817831,0.98828125,0.9838709677419355,0.9659574468085106,0.9523809523809523,0.943590897724431,0.968,0.9392857142857143,0.9478672985781991,0.9406771653543307,0.9132029117379435,0.9325678894711767,0.9511159294593813,0.9601920384076815,0.9598458781362007,0.9486768558951965,0.9623824451410659,0.9499136442141624,0.9490076301865775,0.9506305028550377,0.9370184950789174,0.9399720800372267,0.94283076923076925,0.9585852136966468,0.9670588235294117,0.973620618556701,0.9661411764705883,0.9693453724604966,0.9597237808768572,0.9574468085106383,0.9517977528089888,0.9567567567567568,0.9555333333333333,0.96,0.9491258741258741,0.9678980480722698,0.9691662034463591,0.9758366792168172,0.9828973616714913,0.9782608695652174,0.971660254811912,0.9618091232256942,0.9683544303797469,0.9595753368721928,0.9653339880602034,0.9538461538461539,0.9570815450643777,0.9662701752621718,0.9758907672301691,0.9866666666666667,0.9813084112149533,0.9818538855958399,0.9792709077912795,0.9666666666666667,0.9670079635949943,0.9629355077835434,0.9619377162629758,0.95338,0.9554140127388535,0.9777506112469437,0.9796954314720813,0.9846153846153847,0.9850004857521233,0.9799196787148594,0.9755042016806723,0.9809523809523809,0.9714963265306122,0.9634948164697121,0.9680946979612017,0.9645714285714285,0.9637661096573098,0.9685489635453896,0.9818316548216511,0.9959072305593452,0.9901158655181995,0.983352233676976,0.98,0.9746192893401016,0.9770491803278688,0.9720356859275694,0.9724238026124818,0.9624639076034649,0.9676209677419355,0.9770114942528736,0.9882214369846879,0.994175,0.994146693476031,0.9874921826141339,0.9838799332962757,0.9776536312849162,0.9748427672955975,0.9754601226993865,0.9690528290090653,0.9662664379645511,0.9696969696969697,0.9821428571428571,0.9928813492063493,1,0.9975,0.9859154929577465,0.980309072781655,0.9814814814814815,0.9789473684210527,0.970925925925926,0.9665325443786982,0.963076923076923,0.9708963911525029
34,55,Utah,State,0.959731543624161,0.9617224880382775,0.9914030769230769,0.999601667438629,0.997353595255745,0.9793713919178961,0.9905884660651236,0.9953665476400031,0.9736842105263158,0.9804335742078932,0.9954,0.9734991887506761,0.9577032967032967,0.9904345158981699,0.978839024390244,0.96875,0.9770715543603987,0.9957122439256789,0.9927268352251013,0.9854967297629615,1,0.9848058061985092,0.9961800562675837,1,1.0038119059529764,1.0055840455840457,1.0203054631342516,1.0175920835623968,1.0320631391729658,1.00605291005291,1.0061017372523242,1.0242703757930698,1.0213419354838709,1.0063333333333333,1.0162916989914663,1.016871825515093,1.0218919058541736,1.0136857142857143,1.02504,1.0238296882270823,1.0144476550344521,1.0191705069124424,1.0215322984476716,1.021069309420047,1.0193871169480926,1.0056680161943319,1.0031462806629285,1.0001458333333333,0.9941870935467734,1,1.0068354960234407,1,1.002710824972037,1,1,1,1,1,1,1,0.995998933048813,0.997337393114677,1,1,1.000024728180609,1.0017302325581396,0.9988599374021909,1,1,0.9928005759539237,1,0.9906043106311958,1,1,1,1,1,1,1,1,1,1,1,0.9985037037037037,1,1,1,1.0182013056611128,1.0142897970848814,1.0127659574468084,1.015942482025633,1.0057471264367817,1.0063191153238547,1.0068681318681318,1,1,1,1.0073783509050727,1.0141893463596185,1.0175922731976543,1.0168602739726027,1.016,1.0099543434343436,1.0072835820895523,1.0037153778510164,1.0003449465332874,1.001832258064516,1.0005717552887363,1,1.0148698884758365
35,42,Nevada,State,0.9702850212249848,0.9561657965835051,0.9523582658408766,0.9561304836895388,0.9602446483180428,0.9573542210617929,0.96,0.9569895916733386,0.9510567296996663,0.9459459459459459,0.9441860465116279,0.9277863212476094,0.9252249357326479,0.9232480533926585,0.9343065693430657,0.938714953271028,0.9341317365269461,0.9453084728288885,0.9448818897637795,0.9483117965819091,0.9398597311513734,0.9412272681093163,0.9434636600267037,0.9399519615692554,0.94375,0.9456095423632211,0.9541778773617449,0.9638457675586662,0.976803575228772,0.980754716981132,0.9840637450199203,0.9879518072289156,0.9897435897435898,0.9846153846153847,0.9851576483546743,0.9866220735785953,0.9856564913571166,1,1,1,1,1,1,1,0.989010989010989,0.9824536658786784,0.9754877438719359,0.967741935483871,0.9686520376175548,0.9661016949152542,0.9687010188087775,0.9714285714285714,0.9763043666047596,0.9761904761904762,0.9744840425531915,0.9726443768996961,0.9666666666666667,0.9629629629629629,0.9647887323943662,0.96,0.9604802401200601,0.9645131938125568,0.9710526315789474,0.9729132117191819,0.9736385843242409,0.9761904761904762,0.9768339768339769,0.9739405106607002,0.9726443768996961,0.9697280656747049,0.9681818181818181,0.9637462235649547,0.9657678332377128,0.9677770138489385,0.9729728268801453,0.9772749483572033,0.9777678968430413,0.9771143341495574,0.9779644557143312,0.9772727272727273,0.9739776951672863,0.9717936338476394,0.9708108108108108,0.9715597682991048,0.9706864564007421,0.9733333333333334,0.9785714285714285,0.9831168831168832,0.9846938775510204,0.9864188706218727,0.9884082053874181,0.9881422924901185,0.9846153846153847,0.9833962399441214,0.9818241322674683,0.9821772022054109,0.9808,0.9836363636363636,0.9904809070519384,0.9919028340080972,0.9923664122137404,0.9950867545687219,0.9918287937743191,0.9870724247124546,0.9829787234042553,0.9787234042553191,0.9722492978788847,0.96875,0.9683873549419768,0.9692307692307692
36,41,New Mexico,State,0.9360162564537056,0.9861688980432544,0.9361475922451532,0.9629629629629629,0.9622352941176471,0.9660150753768845,0.941140158714818,0.9523275862068965,0.9345208681135225,0.9507929515418502,0.9092464285714286,0.9177434782608695,0.9381746135913349,0.9195402298850575,0.9321237635821277,0.9183868852459016,0.9349703264094955,0.950950950950951,0.9313154831199069,0.9259897828863346,0.9298171428571429,0.9348463414634146,0.9315909943714822,0.9213042608521704,0.9246675835256043,0.9406553276638319,0.9329866666666666,0.9442148760330579,0.9756178906980844,0.9559685489635454,0.947624203821656,0.9689681923972071,0.9233610341643582,0.9482758620689655,0.9422622044241038,0.9628993288590604,0.9492413066385669,0.9694161348699876,0.9680562554969216,0.9671196180304998,0.968139681396814,0.9660932186437288,0.9566666666666667,0.9735449735449735,0.9601643835616438,0.9577023034667405,0.9546491266343791,0.9666533728541435,0.952425,0.9446193739581404,0.9484488081298083,0.9672442415377569,0.967032967032967,0.9705842185128983,0.9640718562874252,0.9618442211055276,0.9632333062989997,0.9629244444444445,0.9519834238353816,0.9640149253731344,0.9588235294117647,0.9636363636363636,0.9674418604651163,0.9793370786516854,0.9731701890989989,0.9774092140921409,0.9770114942528736,0.9795453488912649,0.9741570438799076,0.9629629629629629,0.9712940385100479,0.9615384615384616,0.9654177489177489,0.9618280996829869,0.9770992366412213,0.9777777777777777,0.9847288046340179,0.9873417721518988,0.9844016736401674,0.987012987012987,0.9746320160543378,0.9759085340955492,0.9726014792861938,0.9675358803986711,0.9712643678160919,0.9739513372639494,0.9819639278557114,0.9914614099859353,0.9946293059125964,0.9915966386554622,0.9850543478260869,0.983291550577607,0.9813953488372092,0.9776751347190146,0.981094986985313,0.9811320754716981,0.974,0.974025974025974,0.9849195519927227,0.9913556778389194,1,0.9991105405405405,0.9995908904950225,0.9881072664359861,0.9970526439482961,0.9880581675049203,0.989392523364486,0.9791196581196581,0.9838709677419355,0.9945945945945946
37,61,West Virginia,State,0.8815531258760864,0.8695652173913043,0.8926234404257747,0.9173949024363586,0.9237875288683602,0.9387755102040817,0.9076923076923077,0.9303340708914909,0.9194630872483222,0.9119496855345912,0.9122043695807565,0.9090909090909091,0.9048505773881108,0.908675799086758,0.9022556390977443,0.9000236341734901,0.9240506329113924,0.9300911854103343,0.9142244460328807,0.8967062524568001,0.9047318611987382,0.9066666666666666,0.8994708994708994,0.8898776418242491,0.9100204498977505,0.9210526315789473,0.9148936170212766,0.9171597633136095,0.9181969949916527,0.9322830006926145,0.9438639513807442,0.9314285714285714,0.9277511667894867,0.9342157896650787,0.9264705882352942,0.9223008356126193,0.906816760475297,0.913779370768618,0.9150101200693235,0.9232189786206406,0.9364548494983278,0.9402351175587793,0.9485354364050178,0.9458082329317269,0.9345794392523364,0.9309625845367884,0.9157894736842105,0.9205020920502092,0.9204501000989483,0.9019917754335777,0.9171779141104295,0.9240246406570842,0.9396825396825397,0.9481216457960644,0.9496848181058708,0.9405372240305321,0.9344177473078291,0.9185279157989016,0.9319839962344081,0.9244992295839753,0.9270291112396376,0.9319104377587899,0.9213483146067416,0.9428092243186583,0.9376514130290399,0.9506790564689064,0.942652329749104,0.9468822170900693,0.940924249642687,0.9308510638297872,0.9304652326163082,0.9257142857142857,0.9106352397085755,0.927694406548431,0.9333110962864132,0.9421052631578948,0.944755804643715,0.9548387096774194,0.9518518518518518,0.9443777511004402,0.939538929969552,0.9298998569384835,0.9333333333333333,0.9196551724137931,0.9230769230769231,0.9363107580824972,0.933184023889511,0.9371171101234952,0.9453302961275627,0.9468822170900693,0.9468085106382979,0.9414381022979985,0.9425849547436153,0.9375,0.9344965675057209,0.9241787439613527,0.9305064782096584,0.9307047233987935,0.9368421052631579,0.9480222483800261,0.9545454545454546,0.9563758389261745,0.9511500486719511,0.9545454545454546,0.9438596491228071,0.94,0.9354838709677419,0.9278709975773947,0.9298998569384835,0.9313436608409003
38,38,Nebraska,State,0.9522057086779158,0.9299122807017544,0.9487844747296192,0.9574468085106383,0.9621104963181761,0.9523809523809523,0.9523809523809523,0.9366908171793313,0.9416985481655875,0.9324009324009324,0.9333333333333333,0.9224548202456749,0.9389671361502347,0.9181969949916527,0.927536231884058,0.9296875,0.941808035977067,0.9502639622117255,0.9415971394517283,0.9401379287030307,0.9413333333333334,0.9367894497498863,0.9343455995260848,0.9230769230769231,0.919236757015688,0.9311475409836065,0.9375,0.9451673411086099,0.9585253456221198,0.9595753368721928,0.957983193277311,0.9538702111024238,0.9547738693467337,0.953036374937106,0.9517722601037711,0.9523809523809523,0.9444444444444444,0.9380764163372859,0.95,0.9653326557677236,0.9692307692307692,0.9727626459143969,0.9704641350210971,0.9707982862314699,0.963302752293578,0.9604166666666667,0.951188986232791,0.9523809523809523,0.9504950495049505,0.9565217391304348,0.963302752293578,0.9711595055915244,0.9732142857142857,0.9770217757050266,0.9748224661071659,0.968421052631579,0.967741935483871,0.9654827413706853,0.96,0.957983193277311,0.9534992954438704,0.9626865671641791,0.9699216710182768,0.97581317764804,0.9793447293447294,0.9839080459770115,0.9815024537561344,0.9787626962142197,0.9753047827446076,0.9721229449606862,0.9666666666666667,0.9652509652509652,0.9655172413793104,0.9625,0.9736123748862603,0.9827115559599636,0.9856424316134484,0.9911111111111112,0.9863013698630136,0.9806451612903225,0.9768113993816373,0.9733333333333334,0.9693251533742331,0.96875,0.9701492537313433,0.9727272727272728,0.98,0.9906976744186047,0.9928571428571429,0.9931630082763584,0.9927007299270073,0.9843158464034614,0.9809521889865356,0.9777777777777777,0.975609756097561,0.9748427672955975,0.9699498327759197,0.9763313609467456,0.9848101265822785,0.9928108587285079,1,1,0.9929603556872916,0.9864864864864865,0.9807767752059631,0.9777777777777777,0.9685242518059856,0.97,0.9628252788104089,0.9696969696969697
39,20,Idaho,State,0.94158,0.9399568271431329,0.9517739130434782,0.9565282505105513,0.9684234099731263,0.98407481496299265,0.952113891285591,0.9654211843202669,0.9292351679771265,0.9475466666666666,0.9796666666666667,0.94301,0.9417040358744395,0.9428549019607844,0.9581601525262154,0.966542750929368,0.9817310376919497,0.9832272990167727,0.9913263157894737,0.972811626607043,0.9654934437543133,0.9786908987226277,0.9974905897114178,0.9698343949044586,0.98,0.9608566853482786,1,1,1,1.0036421725239617,1,1.0034333958724202,1,0.9980350438047559,0.9976785714285714,0.9968587369014126,1.0007292474786655,1,1,1,1.0004240882103477,1.0134283116095786,1,0.9944444444444445,0.9873248832555037,0.9810126582278481,0.9906542056074766,0.9714423480083857,0.9653159470466728,0.9781964979732283,0.9841294559099437,0.9897013388259527,1,1,0.9965248076331179,0.9826181818181818,0.9860889617633626,0.9779034482758621,0.9748999199359487,0.9686274437047546,0.9747606614447345,0.9852140077821012,1,1,1.0000089286511487,1,1,1,0.9939272727272728,0.9894259592741079,0.9860975980541198,0.998876404494382,0.9855406698564594,0.9886363636363636,1,1.0006373486297004,1.00226213592233,1,1,1,1,1,1,0.9961214630779848,0.9970059880239521,0.9954866666666666,1,1.0004221190375686,1.0001562744178778,1.0025207547169812,1,1,1,0.9982214317474433,0.9951456310679612,0.9919422061683801,1,0.9963636363636363,1,1.0068649885583525,1.0070534147971837,1,1,1,1,0.9936345177664975,0.9887490909090909,0.9870787878787879,0.9837432263443101,1
40,18,Hawaii,State,0.9363295880149812,0.9002057613168725,0.922243068584532,0.9306803594351734,0.9468196748526638,0.9606986899563319,0.9523809523809523,0.9534604613948526,0.958029197080292,0.9607710472551674,0.9663482985416071,0.955501897205933,0.9580838323353293,0.9468480523342253,0.9571428571428572,0.9455081001472754,0.9536306430224608,0.9555884909126935,0.9510869565217391,0.9532683486238532,0.9564270152505446,0.9521674140508222,0.9464537223340039,0.9541803577948156,0.9347826086956522,0.941747572815534,0.9527529761904762,0.9485367064752812,0.9583333333333334,0.958904109589041,0.9640597198879552,0.9694638694638695,0.9704110173332554,0.9733333333333334,0.9655172413793104,0.9687906371911573,0.9648374737362502,0.9640831758034026,0.967741935483871,0.9605672105672105,0.9790570175438597,0.9776536312849162,0.9822784810126582,0.9849749582637729,0.9818076520012502,0.9791666666666666,0.9739582548413834,0.9803146555064713,0.9709401709401709,0.9714285714285714,0.9785577455195607,0.9679135209334249,0.9747495446265938,0.9762532981530343,0.9754716981132076,0.975987071712543,0.9790627283164597,0.9738550922761449,0.9652189020152884,0.9692307692307692,0.9674418604651163,0.9636363636363636,0.9733626347635848,0.9755102040816327,0.9746341463414634,0.9789473684210527,0.972,0.9764705882352941,0.9764705882352941,0.9698412698412698,0.9734939759036144,0.9693877551020408,0.9725490196078431,0.9680851063829787,0.9783884839755037,0.9759257865422248,0.9797979797979798,0.9793548387096774,0.9819639278557114,0.9813172296659747,0.9847217447614784,0.981024575977847,0.9777516598622624,0.9780952380952381,0.9763305322128851,0.9739695087521174,0.9733333333333334,0.9783446104374623,0.9787244454515377,0.9838709677419355,0.9803921568627451,0.9807692307692307,0.9794520547945206,0.9803921568627451,0.979933110367893,0.9788305591122493,0.9744901693698329,0.9754601226993865,0.9779513888888889,0.9786874304783093,0.9780907668231612,0.98,0.9808612440191388,0.9815950920245399,0.9805825242718447,0.9699624530663329,0.9705665771463224,0.9666666666666667,0.9659863945578231,0.9702132940437149
41,28,Maine,State,,,0.9275864377280182,0.9318222740913638,0.9229058561897702,0.9311808353182188,0.9644246803779878,0.9043466076282825,0.9173553719008265,0.9230769230769231,0.9288333915473279,0.9275926040869248,0.9006004002668445,0.8867667121418826,0.8799315789473684,0.8950254475254475,0.9265442404006677,0.9515151515151515,0.9199897409592204,0.9229997591648255,0.9119496855345912,0.9216757741347905,0.8656950760854171,0.9181969949916527,0.9113206213024725,0.9,0.9267846247712019,0.901219512195122,0.95,0.9459459459459459,0.943952802359882,0.9137261237068859,0.94,0.9041526429266935,0.9147356058828351,0.9064155385520895,0.9267241379310345,0.9193548387096774,0.9270857142857143,0.9529411764705882,0.9621818701744352,0.9459360730593607,0.9506726457399103,0.9593377706855851,0.9493333333333334,0.9299017601309865,0.9081357281865053,0.9305064782096584,0.918918918918919,0.9387755102040817,0.923432089265102,0.9452408637873755,0.9436478826275425,0.9577553397607328,0.9658762290341237,0.9594882729211087,0.9443009615443655,0.9401253500466729,0.9351892127011744,0.9217877094972067,0.9105154864079652,0.9287609716268627,0.9298336493994743,0.9452463912394226,0.96,0.9567297238530115,0.9689922480620154,0.9596774193548387,0.9480122324159022,0.9458844929513415,0.9313556398758193,0.9299781181619255,0.9351464435146444,0.9310344827586207,0.9492063492063492,0.954692082111437,0.9670696123384743,0.9659498042544292,0.9688013136288999,0.9661016949152542,0.9571428571428572,0.9507042253521126,0.9543404761349593,0.9506024096385542,0.9411764705882353,0.9421139160585863,0.9585330277141071,0.9605734767025089,0.9716720648448047,0.9826980264936469,0.9822608039252689,0.975609756097561,0.9678067107138231,0.9574468085106383,0.9588030872428981,0.9538002980625931,0.9508473749069657,0.9477346494153217,0.9589747239179642,0.975609756097561,0.9791666666666666,0.9888682745825603,0.9862723715440375,0.9747474747474747,0.9693593314763231,0.9636297508637934,0.9586382832765237,0.9574468085106383,0.9411418481459682,0.9448979591836735
42,39,New Hampshire,State,0.9169054441260746,0.9114583333333334,0.9187613340692266,0.92,0.9300291545189504,0.9388646288209607,0.9173096914657827,0.9233610341643582,0.9312320916905444,0.9119496855345912,0.916972324108036,0.9072724674953565,0.9062253743104807,0.9076923076923077,0.9122807017543859,0.8906600249066002,0.9262898915487182,0.931452935388652,0.9378600409109696,0.9254179328470205,0.9066666666666666,0.9054846498792687,0.8995433789954338,0.8949152542372881,0.8927733943103754,0.8793969849246231,0.8952080042127436,0.9302325581395349,0.9397209792050539,0.9430332421032763,0.9476117103235747,0.9294258905145195,0.9288368105172906,0.9243697478991597,0.9269406392694064,0.927038626609442,0.9142857142857143,0.9285714285714286,0.9280500521376434,0.9430611813026021,0.9557944149980584,0.9599783666846944,0.9633197480548351,0.9603220241518113,0.9474671669793621,0.9447943682845499,0.9424460431654677,0.9326018857655591,0.9342230695900858,0.9351892127011744,0.9374016986473734,0.9476923076923077,0.9591836734693877,0.9667955727430324,0.9634703196347032,0.9598393574297188,0.9537854968914099,0.946236559139785,0.942783596862303,0.9336994899960769,0.9361497839654345,0.938194753223655,0.9487123742953669,0.9619084263178146,0.9712531052312923,0.9733333333333334,0.9724022967216152,0.9662921348314607,0.9604802401200601,0.9512434492615531,0.952683391552874,0.9480004375932467,0.9448818897637795,0.9396371613972222,0.9534883720930233,0.9623630300142926,0.9746835443037974,0.9761952781112445,0.9748829289059174,0.9729305610043154,0.9692680502050454,0.9679556328838625,0.9625,0.9574468085106383,0.9555555555555556,0.9563825530212084,0.9664292980671414,0.9781679827912027,0.9859649122807017,0.9902687899049339,0.9855072463768116,0.9804530300058835,0.9787695898632878,0.9734513274336283,0.9704486486486487,0.9687358183633431,0.962800875273523,0.9616202581477896,0.9716251074806534,0.9837837837837838,0.9925788497217068,0.9981568170799036,0.9915447154471545,0.9851301115241635,0.9770114942528736,0.97010718113612,0.9702850212249848,0.9615919100354898,0.96,0.9656372335798173
43,50,Rhode Island,State,0.9124349580545821,0.8898776418242491,0.9149416932596737,0.8947368421052632,0.9121229256231793,0.9,0.9152249134948097,0.9045226130653267,0.8888888888888888,0.8951881848499286,0.8889962336007617,0.873624541513838,0.8859060402684564,0.8757393634337516,0.8893829905503057,0.8931123178050872,0.9074611378084041,0.9026190880343008,0.9109101630826729,0.9078678730471395,0.89086859688196,0.8842443251183612,0.8795125316164636,0.8761467889908257,0.8760951188986232,0.8766009637871675,0.8877193705198978,0.8862206975414523,0.9170305676855895,0.9236947791164659,0.9236947791164659,0.9161919675774666,0.9120329508679024,0.9140265289333993,0.9175512195588637,0.9024029441477847,0.9055299539170507,0.9193245778611632,0.9222049959105016,0.9251652375848518,0.9331296089666686,0.9440559440559441,0.9488204511722587,0.9414225941422594,0.9255985678289683,0.9288368105172906,0.9344564359041854,0.9266068539491101,0.916972324108036,0.919409421504517,0.9325255387707909,0.9377344336084021,0.9499358151476252,0.9548313321898227,0.9544955605355321,0.9465533806553381,0.9256171810356539,0.9348051052086926,0.9297297297297298,0.9236947791164659,0.9300956787166186,0.923216157542917,0.9220166056853363,0.9384615384615385,0.9523809523809523,0.9608439299372404,0.9545715928694652,0.9535452322738386,0.9467667023937121,0.9446640316205533,0.9444688452760654,0.9387388707727256,0.9269406392694064,0.9414381022979985,0.9417670682730924,0.9539473684210527,0.9608381969984443,0.971837668269401,0.9693877551020408,0.9632996632996633,0.959486001845232,0.9556662001844344,0.9528346831824679,0.9494610221961,0.9503023691538688,0.9508928571428571,0.9540570581696924,0.9622302158273381,0.9688195991091314,0.9786666666666667,0.9777474609671062,0.9752327261174238,0.9734513274336283,0.9623944203572001,0.9661039934904351,0.9561635775228008,0.9603361392638707,0.9573900709219858,0.963855421686747,0.9727626459143969,0.9815303430079155,0.9869444587241314,0.9798224969078481,0.975609756097561,0.9685019841269842,0.9650793650793651,0.9599919967987195,0.9521423799980914,0.9429727990244233,0.9458844929513415
44,35,Montana,State,0.9276992252931323,0.9467455621301775,0.9644997295835587,0.9845572786393196,1.0138451500652457,0.964569696969697,0.9223519903243875,0.9724012306047889,0.93086072423398325,1,0.9164569662995949,0.929039187028786,0.981029810298103,0.9281922196796338,0.976602444354413,1.01626,0.9900941730429664,1.0032169491525424,0.9722305475504323,0.9808322540735346,1.0034596140100072,0.9837250213101031,0.9875873493975904,0.97292,0.9587367104440275,0.9739250583688785,0.9505400795906765,1.0169969666329626,0.9968571428571429,1.0307208002353634,0.99606,1.0236808846761454,0.9960038864206577,1.0160941176470588,0.9872409090909091,1,0.9866040024257126,1.010590909090909,1.0184623486045288,1.029666464523954,1.0084992101105845,1,1.016610465116279,1,0.9636990920775073,0.9818181818181818,0.9934029731275014,1,0.988727934851868,0.9879606342263532,0.9822933333333334,0.9867924528301887,0.9955940027919963,1.0096186651756214,1.0304803202134756,1,1,0.9872272485364556,0.9832635983263598,1,0.9852109612875163,0.99994,1,1,0.9959072305593452,1,1,0.9927117366172405,0.9864511378719034,0.9817583643122677,0.9666666666666667,0.9772727272727273,0.9759029215550954,0.972216091954023,0.9882352941176471,1,0.993180542215912,0.995260663507109,1,0.997565056254063,0.980961685025067,0.9727081712062257,0.978016491754123,0.9856321428571428,0.977209756097561,0.9969989996665555,0.9918280591046829,0.9851433207138994,1,0.9930605181157005,1,0.9913793103448276,0.9847271019401365,0.9770239371204001,0.9964497354497355,0.98,0.9675324675324676,0.9918650793650794,1,1,1,1,0.9959016393442623,0.9881188118811881,0.978021978021978,0.9734248473849201,0.9726443768996961,0.9643812949640288,0.9727272727272728,0.9656652360515021
45,13,Delaware,State,0.9292351679771265,0.9090909090909091,0.9188750676041103,0.9329538122809096,0.9428571428571428,0.9374558981438871,0.935251798561151,0.9285714285714286,0.9241139378125679,0.9252313078269567,0.9060129830806383,0.9172969016833374,0.9101820364072815,0.8849445816366397,0.8922685662183725,0.9079623956959445,0.9113652609006433,0.9321557192088605,0.9220040453857636,0.9176816889639493,0.9058823529411765,0.9147869674185464,0.9038091573682185,0.9016824196597354,0.8858787863440187,0.9087826381824348,0.9057852872881775,0.9134182908545727,0.9243149195302305,0.9334936326012668,0.9376953939141308,0.9041939207387457,0.9006858717668451,0.9194375338020552,0.9003601440576231,0.9121621621621622,0.9066487575554063,0.917156862745098,0.88,0.9000151325836981,0.9214341437467355,0.9334733670459061,0.9454747699464051,0.9428486488395394,0.9329046087888532,0.917686318131257,0.8961937716262975,0.9223679546260192,0.9333333333333333,0.9361593711176822,0.9348582320705265,0.9222222222222223,0.9339606804769569,0.9441986234021632,0.936413412463309,0.9423773158886751,0.9476923076923077,0.9300609285162619,0.9123649459783914,0.9221631759924976,0.9377065535680662,0.9255784865540964,0.9171762090050027,0.9495655859292222,0.9514660777818673,0.9419392475917249,0.946919178447586,0.9449389376735366,0.9306654257794323,0.941544630404463,0.9531772575250836,0.9290138161029061,0.917686318131257,0.9426250040690995,0.9550937194136346,0.96,0.9636730911786509,0.965391269630024,0.9624843684868696,0.9659090909090909,0.9554418139379793,0.9580705416987144,0.9533898305084746,0.9536859413537956,0.9534883720930233,0.9423606922470189,0.9545584452700772,0.952054794520548,0.9657419734331458,0.9742935987779038,0.9717543405027209,0.9663064364731841,0.9604389904109791,0.9672732870237879,0.96,0.9555555555555556,0.9583662453923117,0.9646302250803859,0.9695290858725761,0.9690909090909091,0.9748709154534718,0.9807481186781015,0.9781491002570694,0.9736842105263158,0.9660541436074916,0.9662921348314607,0.9636363636363636,0.9629814907453726,0.9623430962343096,0.9627406851712929
46,52,South Dakota,State,,,,,,,,,,,,,,,,,,,,,,,,,,0.9031174480425326,0.9317619533126543,0.9451884421010222,0.9611307420494699,0.9586116856866462,0.9682950889194148,0.9569251029238691,0.9646942605946853,0.9483031956024472,0.9486510008703221,0.9499575911789653,0.9637046307884856,0.9316189362945646,0.9685230024213075,0.9739826551034023,0.9764806528033693,0.9715536845598823,0.9709480122324159,0.9754877438719359,0.9674612112430916,0.9734752580921522,0.970873870442821,0.9580982236154649,0.9503167722574192,0.954253037884203,0.9591996861514319,0.9663101604278075,0.9728632050556301,0.9755102040816327,0.9727024567788899,0.9686134465393819,0.9741920979840867,0.9726096440110465,0.9644364074743822,0.9578947368421052,0.9601936525013448,0.9447943682845499,0.9636767976278725,0.9803921568627451,0.9711595055915244,0.9676232523914643,0.9777171441564347,0.9720441138753526,0.9732142857142857,0.9658536585365853,0.9563825530212084,0.9621621621621622,0.9671232876712329,0.9691167387276096,0.97868638538495,0.9755461693572443,0.9743244478517948,0.981100611450806,0.9841269841269841,0.9745441081181153,0.9729407869696922,0.9682219419924338,0.9673832468495182,0.9583154337428759,0.9649749821300929,0.9582788616135844,0.9668278046341057,0.9791836734693877,0.9839816933638444,0.9856733524355301,0.9918032786885246,0.9852216748768473,0.9813084112149533,0.97581317764804,0.971704623878537,0.9700597696949143,0.9707222634082546,0.9702850212249848,0.9733333333333334,0.9811320754716981,0.986919555264879,0.9881175734834271,0.9847878302642114,0.9795748228428511,0.9824937477670597,0.9711595055915244,0.968659793814433,0.9659423896913801,0.9637448370812299,0.9673115410273516
47,3,Alaska,State,0.9677315262988061,0.9649001189008473,0.9909887359198999,0.981811567842852,1,1,1,1,1,1,0.9782978723404255,0.9663070077864293,0.9688750555802579,0.9795368909945579,0.9813216520650814,1,1,1,1,1,0.9857798165137615,0.996415770609319,0.9680365296803652,0.9714285714285714,0.987603305785124,0.9864137931034482,0.9899888765294772,1,1,1,1,1,1,1,0.9916597164303587,0.979139111059822,0.9787759244280984,1,1,1,1,1,1,1,1,1,0.9914020003509387,0.976401179941003,0.9842457660496259,1,1,1,1,1,1,1,1,1,0.9837409553306811,0.9846741045214328,0.9823529411764705,1,1,1,1,1,1,1,1,1,1,0.9931954273271638,0.9874947894956232,1,1,1,1,1,1,1,1,0.994579945799458,0.9833277759253084,0.9827112797516385,0.9786290262200326,1,1,1,1,1,1,1,1,1,0.9872942725477287,0.9863013698630136,0.9860296172115116,1,1,1,1,1,1,1,1,1,0.9912449963880101,0.997907949790795,1,1.0310444444444444
48,37,North Dakota,State,0.97500435028187,0.9572742022714981,0.9583991574512901,0.9692070823710547,0.9514005602240896,0.9727052851597492,0.9780628146727404,0.9701772466832504,0.9476162448499117,0.9720513720588881,0.9589461983103602,0.945755665223786,0.9438888888888889,0.964176245210728,0.9380836870830807,0.9740128521197915,0.961265332472563,0.9753008233058899,0.9795748228428511,0.9786167589635798,0.959983993597439,0.9490712570056045,0.9727626459143969,0.9526077637532746,0.9508196721311475,0.9577464788732394,0.9683343888537049,0.9830704116968064,0.97165991902834,0.9873817034700315,0.982752673335633,0.9915518008003558,0.9861111111111112,0.9805194805194806,0.9810207745575789,0.9725753158406221,0.9651474530831099,0.978017048003589,0.9717756341550554,0.9880239520958084,1,1,0.99375,1,0.9789915966386554,0.991304347826087,0.9789265260258083,0.9609857605086345,0.9696102835186271,0.9782608695652174,0.9754267835251496,0.9949469429004548,0.9942285494420932,1,0.9887935023118348,0.9848484848484849,0.9878787878787879,0.9827278141751042,0.9876450263654217,1,0.9746543778801844,0.9710335747202107,0.9910913140311804,0.987385819921705,1,0.9971428571428571,0.9953647231031959,1,0.9855769230769231,0.98,0.9743589743589743,0.9746699458988278,0.9671428571428572,0.9749067480501865,0.9824937477670597,0.979746835443038,0.9863945578231292,0.9846827133479212,0.9830508474576272,0.9831460674157303,0.9791400595998297,0.975,0.9771986970684039,0.969144312393888,0.9580490245122562,0.9619084263178146,0.970873786407767,0.9771986970684039,0.9799919967987195,0.9846153846153847,0.98,0.9692307692307692,0.9666666666666667,0.9688888888888889,0.9624073494796486,0.9555456768170705,0.9546666666666667,0.9555555555555556,0.9552845528455285,0.96727,0.9745222929936306,0.9793103448275862,0.9764044943820225,0.9672840890977465,0.9666666666666667,0.9615236629472874,0.9575938880376091,0.9460975609756097,0.9484693330884266,0.9459459459459459
49,58,Vermont,State,0.8934953538241601,0.8982403020696043,0.8807588075880759,0.8888888888888888,0.8776062641220905,0.9329608938547486,0.9179839024217282,0.9480626545754328,0.9273182957393483,0.9023809523809524,0.9045226130653267,0.9156862745098039,0.9101272871917263,0.8608362545971047,0.9130434782608695,0.9165971643035863,0.9040010728314867,0.9269756585528509,0.9423558897243107,0.9329996966939642,0.9318323952470294,0.9140958605664488,0.8974358974358975,0.8844444444444445,0.8853858784893267,0.9053285049146405,0.9215376513954713,0.9302325581395349,0.9245014245014245,0.9308141150319533,0.9530690889072392,0.9353211009174311,0.9496428722370145,0.9172126265634306,0.9013007026362618,0.8934953538241601,0.9066277615673197,0.903010033444816,0.9073724007561437,0.9273182957393483,0.9329608938547486,0.9385474860335196,0.9464285714285714,0.9422222222222222,0.9371859296482412,0.9255784865540964,0.9276176633293922,0.9272727272727272,0.9207365892714171,0.9147869674185464,0.9148084619782733,0.9299516908212561,0.9478672985781991,0.9579930075576997,0.9419354838709677,0.9420731707317073,0.9312937062937063,0.9131428571428571,0.9318181818181818,0.9060402684563759,0.9276595744680851,0.9090909090909091,0.9156962882062483,0.9355731225296443,0.9375,0.9531299642185637,0.9461025280898876,0.9414379813900471,0.9333333333333333,0.927710843373494,0.9160455080423695,0.903010033444816,0.9159112222569553,0.9260795356745306,0.9359290245472097,0.929204107830552,0.9431818181818182,0.9535020600353149,0.9583333333333334,0.9449534841054124,0.9407407407407408,0.9483793517406963,0.9323529411764706,0.9375,0.9193548387096774,0.9212283044058746,0.9328782707622298,0.9541058233285781,0.9609120521172638,0.9573228834822813,0.96875,0.9641873278236914,0.9545454545454546,0.9454545454545454,0.9492822966507177,0.949937343358396,0.9260355029585798,0.9454949944382648,0.9428571428571428,0.9542857142857143,0.962278675904542,0.9649749821300929,0.9746088740702744,0.9735294117647059,0.9722222222222222,0.9591326105087573,0.9574468085106383,0.9550561797752809,0.9490929671442614,0.9591056192997941
50,12,District of Columbia,State,0.9728183118741058,0.9301860372074415,0.9482156465528796,0.9700714925468621,0.9621451104100947,0.9748953974895398,0.9636988739038166,0.9654581006512337,0.9566698555661852,0.9667394614521558,0.9661348044056479,0.958394159472818,0.9398225511259648,0.9560276638026712,0.946060606060606,0.9583333333333334,0.9587623996221067,0.9564751713451627,0.9602194787379973,0.9595137921626629,0.9599198396793587,0.9573489790425558,0.9602400600150037,0.9565217391304348,0.9439073195255887,0.9439564030449976,0.9698253052975137,0.9736852354581426,0.9780907668231612,0.9779853235490327,0.9823008849557522,0.9847461019405687,0.9778103370565487,0.9749238688118145,0.9848101265822785,0.9787944051309966,0.9759611375198065,0.9717645495615201,0.9808379808379808,1,1,1,1,1,0.9989998888765418,0.9906822865820588,0.9892128645889031,0.9810708491076258,0.978438308039234,0.9743589743589743,0.9847654714098788,0.994184999211907,1,1,1,0.99535975693118806,0.987421855463866,1,0.9904534606205251,0.9805582793285537,0.9712230215827338,0.9836338888919257,0.9942857142857143,1,1,1,1,1,1,1,0.9982518709871472,0.9892539920532006,0.9793548387096774,0.9799599198396793,1,1,1,1,1,0.9972331297557433,0.9884980830138357,1,0.9949748743718593,0.9862910798122067,0.980701754385965,0.9900408831730327,0.9981150907831902,1,1,1,1,0.9894975957110588,0.9880039386526742,1,0.9974358974358974,0.982256020278834,0.9772713897656209,0.9856065628107391,0.9937619691671876,1,1,1,1,1,0.9837092731829574,1,0.9878213802435724,0.9768878097550524,0.9748743718592965,0.9814814814814815
51,62,Wyoming,State,,,,,,,,,,,,,,,1.0678032786885245,1.0409354838709677,1.0066777851901267,1.0610139130434784,1.0476958882854925,1.0554779902178746,1.0261639091958445,1.0327246376811594,1.0056789473684211,1.0507771103896104,1.0275096774193548,1.0642079473853097,1.0212330832708179,1.0537858508604208,1.0669665551839465,1.03660598231115,1.0386029411764706,1.021399507116985,1.0417750366507588,0.9970501474926253,1,1.0238573333333334,1,1.0001660280970626,1.0314652284096892,1.0333078281341965,1.0419625564880568,1.0613540587219343,1.003601321585903,1.0282510638297873,1.015439330543933,1.037981325033348,1.0131606178059667,1.0331236597569693,1.0286949300699302,0.99154275092936806,1.005261102977062,0.9821237039685378,1,1.0338532110091743,1,1,1.0265465465465466,1.0011574468085107,0.9977428571428572,1.0407244444444443,1,1,1,0.9963636363636363,1,1.0006253908692933,1.0378285077951002,1.0134429909970932,1,0.9969271727892526,1.0059701492537314,1,0.9989307692307692,1.00919375,1,1,1,1.0295333333333334,1.022490830276759,1,1,1,0.9867532467532467,1,0.9704171162628475,1.006578947368421,1,1,1.0113740321003313,1,1,1.0365824,1.0020594594594594,1.0062857142857142,1,1,1.000217485863419,1,1.0133333333333334,1.0482424386758753,1,1.017459584295612,1.0076472727272727,1.0096709511568123,1,1.0311275808249722,1,1,1.0307119590507212,1
